INFO 2025-07-07 09:58:18,631 autoreload 12468 3920 Watching for file changes with StatReloader
WARNING 2025-07-07 10:00:16,987 log 12468 224 Not Found: /
WARNING 2025-07-07 10:00:18,192 log 12468 224 Not Found: /favicon.ico
INFO 2025-07-07 10:04:49,224 autoreload 14884 3264 Watching for file changes with StatReloader
INFO 2025-07-07 10:47:15,603 autoreload 9992 7760 Watching for file changes with StatReloader
WARNING 2025-07-07 10:49:27,422 log 9992 6248 Not Found: /
INFO 2025-07-07 11:19:23,322 autoreload 2436 16092 Watching for file changes with StatReloader
WARNING 2025-07-07 11:19:52,147 log 2436 8468 Not Found: /
INFO 2025-07-07 14:02:26,737 autoreload 13648 12664 Watching for file changes with StatReloader
WARNING 2025-07-07 14:02:49,801 log 13648 7576 Not Found: /
WARNING 2025-07-07 14:03:30,335 log 13648 7576 Not Found: /favicon.ico
INFO 2025-07-07 16:50:53,456 autoreload 4192 14688 Watching for file changes with StatReloader
WARNING 2025-07-07 17:12:40,334 log 4192 2712 Not Found: /
WARNING 2025-07-07 19:18:47,283 log 4192 2188 Bad Request: /api/auth/login/
WARNING 2025-07-07 19:19:33,301 log 4192 2188 Bad Request: /api/auth/register/
WARNING 2025-07-07 19:20:09,583 log 4192 2188 Bad Request: /api/auth/register/
WARNING 2025-07-07 19:20:25,962 log 4192 2188 Bad Request: /api/auth/register/
WARNING 2025-07-07 19:20:59,808 log 4192 2188 Bad Request: /api/auth/register/
WARNING 2025-07-07 19:21:48,129 log 4192 2188 Bad Request: /api/auth/register/
WARNING 2025-07-07 19:27:52,631 log 4192 6016 Not Found: /swagger/
WARNING 2025-07-07 19:27:53,433 log 4192 14964 Not Found: /favicon.ico
INFO 2025-07-07 19:33:05,033 views 4192 1900 User logged in: customer
INFO 2025-07-08 10:35:00,976 autoreload 10508 7004 Watching for file changes with StatReloader
WARNING 2025-07-08 11:07:51,283 log 10508 4188 Not Found: /api/products/best/
WARNING 2025-07-08 11:07:51,283 log 10508 14788 Not Found: /api/products/best/
WARNING 2025-07-08 11:07:52,517 log 10508 7704 Not Found: /api/products/best/
WARNING 2025-07-08 11:07:53,791 log 10508 14788 Not Found: /api/products/best/
WARNING 2025-07-08 11:08:57,664 log 10508 4364 Not Found: /api/comparisons/add/
WARNING 2025-07-08 11:08:57,976 log 10508 7032 Not Found: /api/comparisons/data/
WARNING 2025-07-08 11:09:40,545 log 10508 4188 Bad Request: /api/auth/login/
WARNING 2025-07-08 11:10:23,677 log 10508 4364 Bad Request: /api/auth/login/
WARNING 2025-07-08 11:11:16,166 log 10508 4188 Bad Request: /api/auth/register/
WARNING 2025-07-08 11:12:42,887 log 10508 13636 Not Found: /api/products/best/
WARNING 2025-07-08 11:12:42,903 log 10508 10248 Not Found: /api/products/best/
WARNING 2025-07-08 11:12:43,514 log 10508 7184 Not Found: /api/products/best/
WARNING 2025-07-08 11:12:44,151 log 10508 11336 Not Found: /api/products/best/
WARNING 2025-07-08 11:13:03,678 log 10508 6496 Not Found: /api/comparisons/add/
WARNING 2025-07-08 11:13:03,794 log 10508 11336 Not Found: /api/comparisons/data/
WARNING 2025-07-08 11:13:20,493 log 10508 1340 Not Found: /api/products/best/
WARNING 2025-07-08 11:13:20,535 log 10508 11336 Not Found: /api/products/best/
WARNING 2025-07-08 11:13:21,265 log 10508 7184 Not Found: /api/products/best/
WARNING 2025-07-08 11:13:22,166 log 10508 13636 Not Found: /api/products/best/
ERROR 2025-07-08 11:13:24,986 views 10508 6496 Error getting similar products: No Product matches the given query.
WARNING 2025-07-08 11:13:24,995 log 10508 11336 Not Found: /api/products/36/
ERROR 2025-07-08 11:13:25,416 views 10508 10248 Error getting similar products: No Product matches the given query.
WARNING 2025-07-08 11:13:25,030 log 10508 13636 Not Found: /api/user-behavior/track/
WARNING 2025-07-08 11:13:25,032 log 10508 1340 Not Found: /api/products/36/
WARNING 2025-07-08 11:13:25,095 log 10508 7184 Not Found: /api/user-behavior/track/
ERROR 2025-07-08 11:13:25,288 log 10508 6496 Internal Server Error: /api/products/36/similar/
ERROR 2025-07-08 11:13:26,431 views 10508 13636 Error getting similar products: No Product matches the given query.
WARNING 2025-07-08 11:13:25,846 log 10508 11336 Not Found: /api/products/36/
ERROR 2025-07-08 11:13:25,908 log 10508 10248 Internal Server Error: /api/products/36/similar/
ERROR 2025-07-08 11:13:27,562 views 10508 6496 Error getting similar products: No Product matches the given query.
WARNING 2025-07-08 11:13:26,729 log 10508 1340 Not Found: /api/user-behavior/track/
ERROR 2025-07-08 11:13:27,293 log 10508 13636 Internal Server Error: /api/products/36/similar/
WARNING 2025-07-08 11:13:27,300 log 10508 7184 Not Found: /api/products/36/
ERROR 2025-07-08 11:13:27,913 log 10508 6496 Internal Server Error: /api/products/36/similar/
WARNING 2025-07-08 11:13:27,936 log 10508 11336 Not Found: /api/user-behavior/track/
INFO 2025-07-08 17:18:48,543 autoreload 12344 8096 Watching for file changes with StatReloader
INFO 2025-07-08 19:43:47,989 autoreload 740 3776 Watching for file changes with StatReloader
INFO 2025-07-09 09:05:26,795 autoreload 10088 8924 Watching for file changes with StatReloader
INFO 2025-07-10 09:46:06,193 autoreload 456 2416 Watching for file changes with StatReloader
WARNING 2025-07-10 11:20:53,291 log 456 15780 Not Found: /api/products/best-deals/
WARNING 2025-07-10 11:20:53,555 log 456 3208 Not Found: /api/products/best-deals/
WARNING 2025-07-10 11:21:48,574 log 456 16332 Not Found: /api/products/best-deals/
WARNING 2025-07-10 11:21:48,876 log 456 12260 Not Found: /api/products/best-deals/
WARNING 2025-07-10 11:22:26,793 log 456 5744 Not Found: /api/products/best-deals/
WARNING 2025-07-10 11:22:26,899 log 456 12260 Not Found: /api/products/best-deals/
WARNING 2025-07-10 11:25:18,858 log 456 12260 Bad Request: /api/auth/register/
WARNING 2025-07-10 11:25:51,981 log 456 15352 Not Found: /
WARNING 2025-07-10 11:25:52,658 log 456 15352 Not Found: /favicon.ico
WARNING 2025-07-10 11:28:01,685 log 456 15756 Bad Request: /api/auth/login/
WARNING 2025-07-10 11:28:15,710 log 456 10848 Not Found: /api/products/best-deals/
WARNING 2025-07-10 11:28:17,638 log 456 12392 Not Found: /api/products/best-deals/
INFO 2025-07-10 11:38:28,298 autoreload 12724 8704 Watching for file changes with StatReloader
WARNING 2025-07-10 11:39:28,636 log 12724 6952 Not Found: /api/products/best-deals/
WARNING 2025-07-10 11:39:28,717 log 12724 16016 Not Found: /api/products/best-deals/
WARNING 2025-07-10 11:54:34,540 log 12724 7884 Method Not Allowed: /api/products/search-suggestions/
WARNING 2025-07-10 11:54:34,659 log 12724 1196 Method Not Allowed: /api/products/search-suggestions/
WARNING 2025-07-10 11:54:34,859 log 12724 13608 Method Not Allowed: /api/products/search-suggestions/
WARNING 2025-07-10 11:54:37,188 log 12724 7884 Method Not Allowed: /api/products/search-suggestions/
WARNING 2025-07-10 11:54:38,507 log 12724 1196 Method Not Allowed: /api/products/search-suggestions/
WARNING 2025-07-10 11:54:38,820 log 12724 13608 Method Not Allowed: /api/products/search-suggestions/
WARNING 2025-07-10 11:54:40,503 log 12724 7884 Method Not Allowed: /api/products/search-suggestions/
WARNING 2025-07-10 11:54:40,939 log 12724 1196 Method Not Allowed: /api/products/search-suggestions/
WARNING 2025-07-10 11:54:41,365 log 12724 13608 Method Not Allowed: /api/products/search-suggestions/
WARNING 2025-07-10 11:54:41,770 log 12724 7884 Method Not Allowed: /api/products/search-suggestions/
WARNING 2025-07-10 11:54:58,686 log 12724 7712 Not Found: /api/products/best-deals/
WARNING 2025-07-10 11:54:59,198 log 12724 1196 Not Found: /api/products/best-deals/
WARNING 2025-07-10 12:03:23,725 log 12724 15408 Not Found: /api/products/best-deals/
WARNING 2025-07-10 12:03:25,486 log 12724 15408 Not Found: /api/products/best-deals/
WARNING 2025-07-10 12:04:25,235 log 12724 15440 Bad Request: /api/auth/register/
WARNING 2025-07-10 12:04:52,545 log 12724 15440 Bad Request: /api/auth/login/
WARNING 2025-07-10 12:12:41,504 log 12724 16076 Not Found: /api/products/best-deals/
WARNING 2025-07-10 12:12:45,388 log 12724 7488 Not Found: /api/products/best-deals/
WARNING 2025-07-10 12:12:48,102 log 12724 7432 Not Found: /api/products/best-deals/
WARNING 2025-07-10 12:12:48,173 log 12724 7936 Not Found: /api/products/best-deals/
WARNING 2025-07-10 12:16:03,856 log 12724 10196 Bad Request: /api/auth/login/
WARNING 2025-07-10 12:32:52,803 log 12724 2416 Bad Request: /api/auth/login/
INFO 2025-07-10 12:33:31,685 views 12724 2416 User logged in: customer
WARNING 2025-07-10 12:33:33,816 log 12724 15208 Not Found: /api/products/best-deals/
WARNING 2025-07-10 12:33:34,001 log 12724 13336 Not Found: /api/products/best-deals/
WARNING 2025-07-10 12:33:34,508 log 12724 2416 Not Found: /api/user-behavior/realtime-personalization/
WARNING 2025-07-10 12:33:37,606 log 12724 15592 Not Found: /api/user-behavior/realtime-personalization/
WARNING 2025-07-10 12:45:35,687 log 12724 15488 Not Found: /api/products/best-deals/
WARNING 2025-07-10 12:45:36,678 log 12724 16092 Not Found: /api/products/best-deals/
WARNING 2025-07-10 12:45:37,910 log 12724 8444 Not Found: /api/user-behavior/realtime-personalization/
WARNING 2025-07-10 12:45:38,477 log 12724 6932 Not Found: /api/user-behavior/realtime-personalization/
ERROR 2025-07-10 12:47:23,561 services 12724 14556 Error comparing products: unsupported operand type(s) for +: 'float' and 'decimal.Decimal'
ERROR 2025-07-10 12:47:23,875 views 12724 14556 Error comparing products: 'criteria'
ERROR 2025-07-10 12:47:24,088 log 12724 14556 Internal Server Error: /api/comparisons/products/
ERROR 2025-07-10 12:47:27,249 services 12724 16092 Error comparing products: unsupported operand type(s) for +: 'float' and 'decimal.Decimal'
ERROR 2025-07-10 12:47:27,316 views 12724 16092 Error comparing products: 'criteria'
ERROR 2025-07-10 12:47:27,401 log 12724 16092 Internal Server Error: /api/comparisons/products/
ERROR 2025-07-10 12:47:32,564 services 12724 14556 Error comparing products: unsupported operand type(s) for +: 'float' and 'decimal.Decimal'
ERROR 2025-07-10 12:47:32,626 views 12724 14556 Error comparing products: 'criteria'
ERROR 2025-07-10 12:47:32,628 log 12724 14556 Internal Server Error: /api/comparisons/products/
ERROR 2025-07-10 12:48:02,194 services 12724 15488 Error comparing products: unsupported operand type(s) for +: 'float' and 'decimal.Decimal'
ERROR 2025-07-10 12:48:02,398 views 12724 15488 Error comparing products: 'criteria'
ERROR 2025-07-10 12:48:02,484 log 12724 15488 Internal Server Error: /api/comparisons/products/
INFO 2025-07-10 12:50:24,658 services 12724 14556 Enhanced search: 'h' -> 'h'
INFO 2025-07-10 12:50:25,128 services 12724 9788 Enhanced search: 'ho' -> 'ho'
INFO 2025-07-10 12:50:25,548 services 12724 6932 Enhanced search: 'hom' -> 'hom'
INFO 2025-07-10 12:50:26,413 services 12724 14556 Enhanced search: 'home' -> 'home'
INFO 2025-07-10 12:50:26,732 services 12724 9788 Enhanced search: 'homer' -> 'homer'
INFO 2025-07-10 12:50:27,120 services 12724 9788 Enhanced search: 'homer ' -> 'homer'
INFO 2025-07-10 12:50:27,503 services 12724 9788 Enhanced search: 'homer s' -> 'homer s'
INFO 2025-07-10 12:50:28,722 services 12724 9788 Enhanced search: 'homer st' -> 'homer st'
INFO 2025-07-10 12:50:30,005 services 12724 9788 Enhanced search: 'homer sty' -> 'homer sty'
INFO 2025-07-10 12:50:31,376 services 12724 9788 Enhanced search: 'homer st' -> 'homer st'
INFO 2025-07-10 12:50:37,697 services 12724 9788 Enhanced search: 'homer s' -> 'homer s'
INFO 2025-07-10 12:50:41,946 services 12724 9788 Enhanced search: 'homer ' -> 'homer'
INFO 2025-07-10 12:50:46,839 services 12724 9788 Enhanced search: 'homer' -> 'homer'
INFO 2025-07-10 12:51:38,069 services 12724 9788 Enhanced search: 'home' -> 'home'
INFO 2025-07-10 12:51:43,951 services 12724 9788 Enhanced search: 'home ' -> 'home'
INFO 2025-07-10 12:51:45,165 services 12724 9788 Enhanced search: 'home s' -> 'home s'
INFO 2025-07-10 12:51:45,626 services 12724 9788 Enhanced search: 'home sy' -> 'home sy'
INFO 2025-07-10 12:51:47,768 services 12724 9788 Enhanced search: 'home s' -> 'home s'
INFO 2025-07-10 12:51:55,637 services 12724 14556 Enhanced search: 'home st' -> 'home st'
INFO 2025-07-10 12:51:59,778 services 12724 9788 Enhanced search: 'home s' -> 'home s'
INFO 2025-07-10 12:52:02,132 services 12724 9788 Enhanced search: 'home ' -> 'home'
INFO 2025-07-10 12:52:06,357 services 12724 9788 Enhanced search: 'home' -> 'home'
INFO 2025-07-10 12:52:08,776 services 12724 6932 Enhanced search: 'homesy' -> 'homesy'
INFO 2025-07-10 12:52:08,800 services 12724 9788 Enhanced search: 'homes' -> 'homes'
INFO 2025-07-10 12:52:09,719 services 12724 9788 Enhanced search: 'homes' -> 'homes'
INFO 2025-07-10 12:52:10,986 services 12724 9788 Enhanced search: 'homest' -> 'homest'
INFO 2025-07-10 12:52:11,124 services 12724 14556 Enhanced search: 'homesty' -> 'homesty'
INFO 2025-07-10 12:52:12,522 services 12724 9788 Enhanced search: 'homestyl' -> 'homestyl'
INFO 2025-07-10 12:52:15,301 services 12724 9788 Enhanced search: 'homestyle' -> 'homestyle'
WARNING 2025-07-10 12:52:25,201 log 12724 6932 Not Found: /api/products/best-deals/
WARNING 2025-07-10 12:52:25,598 log 12724 5608 Not Found: /api/user-behavior/realtime-personalization/
WARNING 2025-07-10 12:52:25,866 log 12724 14556 Not Found: /api/products/best-deals/
WARNING 2025-07-10 12:52:26,516 log 12724 5608 Not Found: /api/user-behavior/realtime-personalization/
ERROR 2025-07-10 12:52:35,625 views 12724 9788 Logout error: 'RefreshToken' object has no attribute 'blacklist'
ERROR 2025-07-10 12:52:35,830 log 12724 9788 Internal Server Error: /api/auth/logout/
WARNING 2025-07-10 12:52:37,091 log 12724 14556 Not Found: /api/products/best-deals/
WARNING 2025-07-10 12:53:39,196 log 12724 2064 Not Found: /favicon.ico
INFO 2025-07-10 12:55:15,254 views 12724 9788 User logged in: store_owner
WARNING 2025-07-10 12:55:17,130 log 12724 13940 Not Found: /api/products/best-deals/
WARNING 2025-07-10 12:55:17,138 log 12724 12512 Not Found: /api/products/best-deals/
WARNING 2025-07-10 12:55:18,158 log 12724 10536 Not Found: /api/user-behavior/realtime-personalization/
WARNING 2025-07-10 12:55:19,062 log 12724 12512 Not Found: /api/user-behavior/realtime-personalization/
WARNING 2025-07-10 12:57:48,522 log 12724 13940 Not Found: /api/products/best-deals/
WARNING 2025-07-10 12:57:49,127 log 12724 8196 Not Found: /api/user-behavior/realtime-personalization/
WARNING 2025-07-10 12:57:49,130 log 12724 16328 Not Found: /api/products/best-deals/
WARNING 2025-07-10 12:57:52,107 log 12724 10192 Not Found: /api/user-behavior/realtime-personalization/
WARNING 2025-07-10 13:03:49,322 log 12724 12732 Not Found: /api/products/best-deals/
WARNING 2025-07-10 13:03:49,567 log 12724 6772 Not Found: /api/products/best-deals/
WARNING 2025-07-10 13:03:49,605 log 12724 7884 Not Found: /api/user-behavior/realtime-personalization/
WARNING 2025-07-10 13:03:50,929 log 12724 7920 Not Found: /api/user-behavior/realtime-personalization/
ERROR 2025-07-10 13:05:28,373 views 12724 9548 Logout error: 'RefreshToken' object has no attribute 'blacklist'
ERROR 2025-07-10 13:05:28,497 log 12724 9548 Internal Server Error: /api/auth/logout/
WARNING 2025-07-10 13:05:29,275 log 12724 9548 Not Found: /api/products/best-deals/
INFO 2025-07-10 13:05:59,468 views 12724 6772 User logged in: store_owner
WARNING 2025-07-10 13:06:01,058 log 12724 8052 Not Found: /api/user-behavior/realtime-personalization/
WARNING 2025-07-10 13:06:01,137 log 12724 6772 Not Found: /api/products/best-deals/
WARNING 2025-07-10 13:06:01,662 log 12724 9548 Not Found: /api/products/best-deals/
WARNING 2025-07-10 13:06:03,278 log 12724 12452 Not Found: /api/user-behavior/realtime-personalization/
ERROR 2025-07-10 13:37:13,129 services 12724 4460 Error comparing products: unsupported operand type(s) for +: 'float' and 'decimal.Decimal'
ERROR 2025-07-10 13:37:13,217 views 12724 4460 Error comparing products: 'criteria'
ERROR 2025-07-10 13:37:13,427 log 12724 4460 Internal Server Error: /api/comparisons/products/
ERROR 2025-07-10 13:37:15,795 services 12724 4460 Error comparing products: unsupported operand type(s) for +: 'float' and 'decimal.Decimal'
ERROR 2025-07-10 13:37:15,986 views 12724 4460 Error comparing products: 'criteria'
ERROR 2025-07-10 13:37:16,074 log 12724 4460 Internal Server Error: /api/comparisons/products/
ERROR 2025-07-10 13:37:18,628 services 12724 1004 Error comparing products: unsupported operand type(s) for +: 'float' and 'decimal.Decimal'
ERROR 2025-07-10 13:37:18,722 views 12724 1004 Error comparing products: 'criteria'
ERROR 2025-07-10 13:37:18,810 log 12724 1004 Internal Server Error: /api/comparisons/products/
INFO 2025-07-10 17:30:41,191 autoreload 15676 15940 Watching for file changes with StatReloader
WARNING 2025-07-10 17:32:14,271 log 15676 19776 Unauthorized: /api/auth/profile/
WARNING 2025-07-10 17:32:14,273 log 15676 19780 Unauthorized: /api/auth/profile/
WARNING 2025-07-10 17:32:14,273 log 15676 14512 Unauthorized: /api/user-behavior/log/
WARNING 2025-07-10 17:32:14,275 log 15676 20220 Unauthorized: /api/user-behavior/log/
ERROR 2025-07-10 17:32:17,025 log 15676 20220 Internal Server Error: /api/auth/token/refresh/
Traceback (most recent call last):
  File "E:\Graduation_Project\best-on-click-backend\venv\Lib\site-packages\django\core\handlers\exception.py", line 55, in inner
    response = get_response(request)
  File "E:\Graduation_Project\best-on-click-backend\venv\Lib\site-packages\django\core\handlers\base.py", line 197, in _get_response
    response = wrapped_callback(request, *callback_args, **callback_kwargs)
  File "E:\Graduation_Project\best-on-click-backend\venv\Lib\site-packages\django\views\decorators\csrf.py", line 65, in _view_wrapper
    return view_func(request, *args, **kwargs)
  File "E:\Graduation_Project\best-on-click-backend\venv\Lib\site-packages\django\views\generic\base.py", line 105, in view
    return self.dispatch(request, *args, **kwargs)
           ~~~~~~~~~~~~~^^^^^^^^^^^^^^^^^^^^^^^^^^
  File "E:\Graduation_Project\best-on-click-backend\venv\Lib\site-packages\rest_framework\views.py", line 515, in dispatch
    response = self.handle_exception(exc)
  File "E:\Graduation_Project\best-on-click-backend\venv\Lib\site-packages\rest_framework\views.py", line 475, in handle_exception
    self.raise_uncaught_exception(exc)
    ~~~~~~~~~~~~~~~~~~~~~~~~~~~~~^^^^^
  File "E:\Graduation_Project\best-on-click-backend\venv\Lib\site-packages\rest_framework\views.py", line 486, in raise_uncaught_exception
    raise exc
  File "E:\Graduation_Project\best-on-click-backend\venv\Lib\site-packages\rest_framework\views.py", line 512, in dispatch
    response = handler(request, *args, **kwargs)
  File "E:\Graduation_Project\best-on-click-backend\venv\Lib\site-packages\rest_framework_simplejwt\views.py", line 44, in post
    serializer.is_valid(raise_exception=True)
    ~~~~~~~~~~~~~~~~~~~^^^^^^^^^^^^^^^^^^^^^^
  File "E:\Graduation_Project\best-on-click-backend\venv\Lib\site-packages\rest_framework\serializers.py", line 225, in is_valid
    self._validated_data = self.run_validation(self.initial_data)
                           ~~~~~~~~~~~~~~~~~~~^^^^^^^^^^^^^^^^^^^
  File "E:\Graduation_Project\best-on-click-backend\venv\Lib\site-packages\rest_framework\serializers.py", line 447, in run_validation
    value = self.validate(value)
  File "E:\Graduation_Project\best-on-click-backend\venv\Lib\site-packages\rest_framework_simplejwt\serializers.py", line 141, in validate
    refresh.outstand()
    ~~~~~~~~~~~~~~~~^^
  File "E:\Graduation_Project\best-on-click-backend\venv\Lib\site-packages\rest_framework_simplejwt\tokens.py", line 222, in outstand
    return OutstandingToken.objects.get_or_create(
           ^^^^^^^^^^^^^^^^^^^^^^^^
AttributeError: type object 'OutstandingToken' has no attribute 'objects'
ERROR 2025-07-10 17:32:17,230 log 15676 19780 Internal Server Error: /api/auth/token/refresh/
Traceback (most recent call last):
  File "E:\Graduation_Project\best-on-click-backend\venv\Lib\site-packages\django\core\handlers\exception.py", line 55, in inner
    response = get_response(request)
  File "E:\Graduation_Project\best-on-click-backend\venv\Lib\site-packages\django\core\handlers\base.py", line 197, in _get_response
    response = wrapped_callback(request, *callback_args, **callback_kwargs)
  File "E:\Graduation_Project\best-on-click-backend\venv\Lib\site-packages\django\views\decorators\csrf.py", line 65, in _view_wrapper
    return view_func(request, *args, **kwargs)
  File "E:\Graduation_Project\best-on-click-backend\venv\Lib\site-packages\django\views\generic\base.py", line 105, in view
    return self.dispatch(request, *args, **kwargs)
           ~~~~~~~~~~~~~^^^^^^^^^^^^^^^^^^^^^^^^^^
  File "E:\Graduation_Project\best-on-click-backend\venv\Lib\site-packages\rest_framework\views.py", line 515, in dispatch
    response = self.handle_exception(exc)
  File "E:\Graduation_Project\best-on-click-backend\venv\Lib\site-packages\rest_framework\views.py", line 475, in handle_exception
    self.raise_uncaught_exception(exc)
    ~~~~~~~~~~~~~~~~~~~~~~~~~~~~~^^^^^
  File "E:\Graduation_Project\best-on-click-backend\venv\Lib\site-packages\rest_framework\views.py", line 486, in raise_uncaught_exception
    raise exc
  File "E:\Graduation_Project\best-on-click-backend\venv\Lib\site-packages\rest_framework\views.py", line 512, in dispatch
    response = handler(request, *args, **kwargs)
  File "E:\Graduation_Project\best-on-click-backend\venv\Lib\site-packages\rest_framework_simplejwt\views.py", line 44, in post
    serializer.is_valid(raise_exception=True)
    ~~~~~~~~~~~~~~~~~~~^^^^^^^^^^^^^^^^^^^^^^
  File "E:\Graduation_Project\best-on-click-backend\venv\Lib\site-packages\rest_framework\serializers.py", line 225, in is_valid
    self._validated_data = self.run_validation(self.initial_data)
                           ~~~~~~~~~~~~~~~~~~~^^^^^^^^^^^^^^^^^^^
  File "E:\Graduation_Project\best-on-click-backend\venv\Lib\site-packages\rest_framework\serializers.py", line 447, in run_validation
    value = self.validate(value)
  File "E:\Graduation_Project\best-on-click-backend\venv\Lib\site-packages\rest_framework_simplejwt\serializers.py", line 141, in validate
    refresh.outstand()
    ~~~~~~~~~~~~~~~~^^
  File "E:\Graduation_Project\best-on-click-backend\venv\Lib\site-packages\rest_framework_simplejwt\tokens.py", line 222, in outstand
    return OutstandingToken.objects.get_or_create(
           ^^^^^^^^^^^^^^^^^^^^^^^^
AttributeError: type object 'OutstandingToken' has no attribute 'objects'
ERROR 2025-07-10 17:32:17,258 log 15676 19776 Internal Server Error: /api/auth/token/refresh/
Traceback (most recent call last):
  File "E:\Graduation_Project\best-on-click-backend\venv\Lib\site-packages\django\core\handlers\exception.py", line 55, in inner
    response = get_response(request)
  File "E:\Graduation_Project\best-on-click-backend\venv\Lib\site-packages\django\core\handlers\base.py", line 197, in _get_response
    response = wrapped_callback(request, *callback_args, **callback_kwargs)
  File "E:\Graduation_Project\best-on-click-backend\venv\Lib\site-packages\django\views\decorators\csrf.py", line 65, in _view_wrapper
    return view_func(request, *args, **kwargs)
  File "E:\Graduation_Project\best-on-click-backend\venv\Lib\site-packages\django\views\generic\base.py", line 105, in view
    return self.dispatch(request, *args, **kwargs)
           ~~~~~~~~~~~~~^^^^^^^^^^^^^^^^^^^^^^^^^^
  File "E:\Graduation_Project\best-on-click-backend\venv\Lib\site-packages\rest_framework\views.py", line 515, in dispatch
    response = self.handle_exception(exc)
  File "E:\Graduation_Project\best-on-click-backend\venv\Lib\site-packages\rest_framework\views.py", line 475, in handle_exception
    self.raise_uncaught_exception(exc)
    ~~~~~~~~~~~~~~~~~~~~~~~~~~~~~^^^^^
  File "E:\Graduation_Project\best-on-click-backend\venv\Lib\site-packages\rest_framework\views.py", line 486, in raise_uncaught_exception
    raise exc
  File "E:\Graduation_Project\best-on-click-backend\venv\Lib\site-packages\rest_framework\views.py", line 512, in dispatch
    response = handler(request, *args, **kwargs)
  File "E:\Graduation_Project\best-on-click-backend\venv\Lib\site-packages\rest_framework_simplejwt\views.py", line 44, in post
    serializer.is_valid(raise_exception=True)
    ~~~~~~~~~~~~~~~~~~~^^^^^^^^^^^^^^^^^^^^^^
  File "E:\Graduation_Project\best-on-click-backend\venv\Lib\site-packages\rest_framework\serializers.py", line 225, in is_valid
    self._validated_data = self.run_validation(self.initial_data)
                           ~~~~~~~~~~~~~~~~~~~^^^^^^^^^^^^^^^^^^^
  File "E:\Graduation_Project\best-on-click-backend\venv\Lib\site-packages\rest_framework\serializers.py", line 447, in run_validation
    value = self.validate(value)
  File "E:\Graduation_Project\best-on-click-backend\venv\Lib\site-packages\rest_framework_simplejwt\serializers.py", line 141, in validate
    refresh.outstand()
    ~~~~~~~~~~~~~~~~^^
  File "E:\Graduation_Project\best-on-click-backend\venv\Lib\site-packages\rest_framework_simplejwt\tokens.py", line 222, in outstand
    return OutstandingToken.objects.get_or_create(
           ^^^^^^^^^^^^^^^^^^^^^^^^
AttributeError: type object 'OutstandingToken' has no attribute 'objects'
ERROR 2025-07-10 17:32:17,276 log 15676 14512 Internal Server Error: /api/auth/token/refresh/
Traceback (most recent call last):
  File "E:\Graduation_Project\best-on-click-backend\venv\Lib\site-packages\django\core\handlers\exception.py", line 55, in inner
    response = get_response(request)
  File "E:\Graduation_Project\best-on-click-backend\venv\Lib\site-packages\django\core\handlers\base.py", line 197, in _get_response
    response = wrapped_callback(request, *callback_args, **callback_kwargs)
  File "E:\Graduation_Project\best-on-click-backend\venv\Lib\site-packages\django\views\decorators\csrf.py", line 65, in _view_wrapper
    return view_func(request, *args, **kwargs)
  File "E:\Graduation_Project\best-on-click-backend\venv\Lib\site-packages\django\views\generic\base.py", line 105, in view
    return self.dispatch(request, *args, **kwargs)
           ~~~~~~~~~~~~~^^^^^^^^^^^^^^^^^^^^^^^^^^
  File "E:\Graduation_Project\best-on-click-backend\venv\Lib\site-packages\rest_framework\views.py", line 515, in dispatch
    response = self.handle_exception(exc)
  File "E:\Graduation_Project\best-on-click-backend\venv\Lib\site-packages\rest_framework\views.py", line 475, in handle_exception
    self.raise_uncaught_exception(exc)
    ~~~~~~~~~~~~~~~~~~~~~~~~~~~~~^^^^^
  File "E:\Graduation_Project\best-on-click-backend\venv\Lib\site-packages\rest_framework\views.py", line 486, in raise_uncaught_exception
    raise exc
  File "E:\Graduation_Project\best-on-click-backend\venv\Lib\site-packages\rest_framework\views.py", line 512, in dispatch
    response = handler(request, *args, **kwargs)
  File "E:\Graduation_Project\best-on-click-backend\venv\Lib\site-packages\rest_framework_simplejwt\views.py", line 44, in post
    serializer.is_valid(raise_exception=True)
    ~~~~~~~~~~~~~~~~~~~^^^^^^^^^^^^^^^^^^^^^^
  File "E:\Graduation_Project\best-on-click-backend\venv\Lib\site-packages\rest_framework\serializers.py", line 225, in is_valid
    self._validated_data = self.run_validation(self.initial_data)
                           ~~~~~~~~~~~~~~~~~~~^^^^^^^^^^^^^^^^^^^
  File "E:\Graduation_Project\best-on-click-backend\venv\Lib\site-packages\rest_framework\serializers.py", line 447, in run_validation
    value = self.validate(value)
  File "E:\Graduation_Project\best-on-click-backend\venv\Lib\site-packages\rest_framework_simplejwt\serializers.py", line 141, in validate
    refresh.outstand()
    ~~~~~~~~~~~~~~~~^^
  File "E:\Graduation_Project\best-on-click-backend\venv\Lib\site-packages\rest_framework_simplejwt\tokens.py", line 222, in outstand
    return OutstandingToken.objects.get_or_create(
           ^^^^^^^^^^^^^^^^^^^^^^^^
AttributeError: type object 'OutstandingToken' has no attribute 'objects'
WARNING 2025-07-10 17:40:54,113 log 15676 17536 Not Found: /
WARNING 2025-07-10 17:40:54,767 log 15676 17536 Not Found: /favicon.ico
WARNING 2025-07-10 17:41:51,890 log 15676 3768 Bad Request: /api/auth/login/
WARNING 2025-07-10 17:43:34,482 log 15676 3768 Bad Request: /api/auth/login/
INFO 2025-07-10 17:44:03,112 views 15676 3768 User logged in: adminkhalid
WARNING 2025-07-10 17:44:04,652 log 15676 11412 Not Found: /api/products/best-deals/
WARNING 2025-07-10 17:44:04,775 log 15676 3768 Not Found: /api/user-behavior/realtime-personalization/
WARNING 2025-07-10 17:44:05,436 log 15676 11412 Not Found: /api/products/best-deals/
WARNING 2025-07-10 17:44:06,380 log 15676 20352 Not Found: /api/user-behavior/realtime-personalization/
WARNING 2025-07-10 17:48:39,360 log 15676 18336 Not Found: /api/products/best-deals/
WARNING 2025-07-10 17:48:39,514 log 15676 9116 Not Found: /api/products/best-deals/
WARNING 2025-07-10 17:48:42,314 log 15676 19476 Not Found: /api/user-behavior/realtime-personalization/
WARNING 2025-07-10 17:48:44,394 log 15676 15392 Not Found: /api/user-behavior/realtime-personalization/
INFO 2025-07-10 17:49:10,477 autoreload 15676 15940 E:\Graduation_Project\best-on-click-backend\best_on_click\settings.py changed, reloading.
INFO 2025-07-10 17:49:30,224 autoreload 8492 2784 Watching for file changes with StatReloader
INFO 2025-07-10 17:53:01,732 autoreload 10220 19016 Watching for file changes with StatReloader
WARNING 2025-07-10 17:53:15,862 log 10220 14644 Not Found: /api/user-behavior/realtime-personalization/
WARNING 2025-07-10 17:53:16,748 log 10220 12316 Not Found: /api/products/best-deals/
WARNING 2025-07-10 17:53:16,765 log 10220 8976 Not Found: /api/products/best-deals/
WARNING 2025-07-10 17:53:17,841 log 10220 14408 Not Found: /api/user-behavior/realtime-personalization/
INFO 2025-07-10 17:53:38,339 views 10220 14408 User logged out: adminkhalid
WARNING 2025-07-10 17:53:39,374 log 10220 14408 Not Found: /api/products/best-deals/
INFO 2025-07-10 17:55:16,460 views 10220 20372 User logged in: store_owner
WARNING 2025-07-10 17:55:18,186 log 10220 20372 Not Found: /api/products/best-deals/
WARNING 2025-07-10 17:55:19,167 log 10220 15304 Not Found: /api/user-behavior/realtime-personalization/
WARNING 2025-07-10 17:55:20,685 log 10220 14408 Not Found: /api/products/best-deals/
WARNING 2025-07-10 17:55:22,195 log 10220 15304 Not Found: /api/user-behavior/realtime-personalization/
WARNING 2025-07-10 18:11:05,352 log 10220 9716 Not Found: /api/products/best-deals/
WARNING 2025-07-10 18:11:05,918 log 10220 10324 Not Found: /api/user-behavior/realtime-personalization/
WARNING 2025-07-10 18:11:06,395 log 10220 12996 Not Found: /api/products/best-deals/
WARNING 2025-07-10 18:11:07,199 log 10220 10324 Not Found: /api/user-behavior/realtime-personalization/
INFO 2025-07-10 18:11:54,220 views 10220 8412 User logged out: store_owner
WARNING 2025-07-10 18:11:55,464 log 10220 8412 Not Found: /api/products/best-deals/
INFO 2025-07-10 18:12:57,623 views 10220 7348 User logged in: store_owner
WARNING 2025-07-10 18:12:58,991 log 10220 12276 Not Found: /api/dashboard/analytics/
WARNING 2025-07-10 18:12:59,054 log 10220 7348 Not Found: /api/dashboard/analytics/
WARNING 2025-07-10 18:12:59,096 log 10220 9716 Not Found: /api/dashboard/stats/
WARNING 2025-07-10 18:12:59,138 log 10220 8412 Not Found: /api/dashboard/stats/
WARNING 2025-07-10 18:13:18,357 log 10220 9716 Not Found: /api/dashboard/stats/
WARNING 2025-07-10 18:13:18,485 log 10220 7348 Not Found: /api/dashboard/analytics/
WARNING 2025-07-10 18:13:18,546 log 10220 8412 Not Found: /api/dashboard/analytics/
WARNING 2025-07-10 18:13:23,684 log 10220 9716 Not Found: /api/dashboard/analytics/
WARNING 2025-07-10 18:13:23,720 log 10220 7348 Not Found: /api/dashboard/stats/
WARNING 2025-07-10 18:13:23,747 log 10220 8412 Not Found: /api/dashboard/analytics/
WARNING 2025-07-10 18:45:35,431 log 10220 9052 Not Found: /api/dashboard/stats/
WARNING 2025-07-10 18:45:35,591 log 10220 13764 Not Found: /api/dashboard/analytics/
WARNING 2025-07-10 18:45:35,718 log 10220 14064 Not Found: /api/dashboard/stats/
WARNING 2025-07-10 18:45:35,891 log 10220 19884 Not Found: /api/dashboard/analytics/
WARNING 2025-07-10 18:59:53,257 log 10220 12800 Not Found: /api/dashboard/stats/
WARNING 2025-07-10 18:59:53,980 log 10220 20452 Not Found: /api/dashboard/analytics/
WARNING 2025-07-10 19:00:38,535 log 10220 20452 Not Found: /api/dashboard/stats/
WARNING 2025-07-10 19:00:38,553 log 10220 12800 Not Found: /api/dashboard/analytics/
WARNING 2025-07-10 19:00:54,101 log 10220 12800 Bad Request: /api/products/create/
WARNING 2025-07-10 19:01:10,251 log 10220 12800 Not Found: /api/dashboard/analytics/
WARNING 2025-07-10 19:01:16,440 log 10220 12800 Not Found: /api/dashboard/reports/
ERROR 2025-07-10 19:01:19,425 log 10220 12800 Internal Server Error: /api/promotions/
Traceback (most recent call last):
  File "E:\Graduation_Project\best-on-click-backend\venv\Lib\site-packages\django\core\handlers\exception.py", line 55, in inner
    response = get_response(request)
  File "E:\Graduation_Project\best-on-click-backend\venv\Lib\site-packages\django\core\handlers\base.py", line 197, in _get_response
    response = wrapped_callback(request, *callback_args, **callback_kwargs)
  File "E:\Graduation_Project\best-on-click-backend\venv\Lib\site-packages\django\views\decorators\csrf.py", line 65, in _view_wrapper
    return view_func(request, *args, **kwargs)
  File "E:\Graduation_Project\best-on-click-backend\venv\Lib\site-packages\django\views\generic\base.py", line 105, in view
    return self.dispatch(request, *args, **kwargs)
           ~~~~~~~~~~~~~^^^^^^^^^^^^^^^^^^^^^^^^^^
  File "E:\Graduation_Project\best-on-click-backend\venv\Lib\site-packages\rest_framework\views.py", line 515, in dispatch
    response = self.handle_exception(exc)
  File "E:\Graduation_Project\best-on-click-backend\venv\Lib\site-packages\rest_framework\views.py", line 475, in handle_exception
    self.raise_uncaught_exception(exc)
    ~~~~~~~~~~~~~~~~~~~~~~~~~~~~~^^^^^
  File "E:\Graduation_Project\best-on-click-backend\venv\Lib\site-packages\rest_framework\views.py", line 486, in raise_uncaught_exception
    raise exc
  File "E:\Graduation_Project\best-on-click-backend\venv\Lib\site-packages\rest_framework\views.py", line 512, in dispatch
    response = handler(request, *args, **kwargs)
  File "E:\Graduation_Project\best-on-click-backend\venv\Lib\site-packages\rest_framework\generics.py", line 203, in get
    return self.list(request, *args, **kwargs)
           ~~~~~~~~~^^^^^^^^^^^^^^^^^^^^^^^^^^
  File "E:\Graduation_Project\best-on-click-backend\venv\Lib\site-packages\rest_framework\mixins.py", line 43, in list
    return self.get_paginated_response(serializer.data)
                                       ^^^^^^^^^^^^^^^
  File "E:\Graduation_Project\best-on-click-backend\venv\Lib\site-packages\rest_framework\serializers.py", line 797, in data
    ret = super().data
          ^^^^^^^^^^^^
  File "E:\Graduation_Project\best-on-click-backend\venv\Lib\site-packages\rest_framework\serializers.py", line 251, in data
    self._data = self.to_representation(self.instance)
                 ~~~~~~~~~~~~~~~~~~~~~~^^^^^^^^^^^^^^^
  File "E:\Graduation_Project\best-on-click-backend\venv\Lib\site-packages\rest_framework\serializers.py", line 716, in to_representation
    self.child.to_representation(item) for item in iterable
    ~~~~~~~~~~~~~~~~~~~~~~~~~~~~^^^^^^
  File "E:\Graduation_Project\best-on-click-backend\venv\Lib\site-packages\rest_framework\serializers.py", line 525, in to_representation
    for field in fields:
                 ^^^^^^
  File "E:\Graduation_Project\best-on-click-backend\venv\Lib\site-packages\rest_framework\serializers.py", line 386, in _readable_fields
    for field in self.fields.values():
                 ^^^^^^^^^^^
  File "E:\Graduation_Project\best-on-click-backend\venv\Lib\site-packages\django\utils\functional.py", line 47, in __get__
    res = instance.__dict__[self.name] = self.func(instance)
                                         ~~~~~~~~~^^^^^^^^^^
  File "E:\Graduation_Project\best-on-click-backend\venv\Lib\site-packages\rest_framework\serializers.py", line 375, in fields
    fields[key] = value
    ~~~~~~^^^^^
  File "E:\Graduation_Project\best-on-click-backend\venv\Lib\site-packages\rest_framework\utils\serializer_helpers.py", line 167, in __setitem__
    field.bind(field_name=key, parent=self.serializer)
    ~~~~~~~~~~^^^^^^^^^^^^^^^^^^^^^^^^^^^^^^^^^^^^^^^^
  File "E:\Graduation_Project\best-on-click-backend\venv\Lib\site-packages\rest_framework\fields.py", line 358, in bind
    assert self.source != field_name, (
           ^^^^^^^^^^^^^^^^^^^^^^^^^
AssertionError: It is redundant to specify `source='is_valid'` on field 'BooleanField' in serializer 'PromotionSerializer', because it is the same as the field name. Remove the `source` keyword argument.
WARNING 2025-07-10 20:02:49,652 log 10220 824 Unauthorized: /api/products/create/
WARNING 2025-07-10 20:02:50,934 log 10220 824 Bad Request: /api/products/create/
WARNING 2025-07-10 20:02:51,096 log 10220 16044 Not Found: /api/dashboard/analytics/
WARNING 2025-07-10 20:02:52,857 log 10220 16044 Not Found: /api/dashboard/reports/
ERROR 2025-07-10 20:02:54,468 log 10220 16044 Internal Server Error: /api/promotions/
Traceback (most recent call last):
  File "E:\Graduation_Project\best-on-click-backend\venv\Lib\site-packages\django\core\handlers\exception.py", line 55, in inner
    response = get_response(request)
  File "E:\Graduation_Project\best-on-click-backend\venv\Lib\site-packages\django\core\handlers\base.py", line 197, in _get_response
    response = wrapped_callback(request, *callback_args, **callback_kwargs)
  File "E:\Graduation_Project\best-on-click-backend\venv\Lib\site-packages\django\views\decorators\csrf.py", line 65, in _view_wrapper
    return view_func(request, *args, **kwargs)
  File "E:\Graduation_Project\best-on-click-backend\venv\Lib\site-packages\django\views\generic\base.py", line 105, in view
    return self.dispatch(request, *args, **kwargs)
           ~~~~~~~~~~~~~^^^^^^^^^^^^^^^^^^^^^^^^^^
  File "E:\Graduation_Project\best-on-click-backend\venv\Lib\site-packages\rest_framework\views.py", line 515, in dispatch
    response = self.handle_exception(exc)
  File "E:\Graduation_Project\best-on-click-backend\venv\Lib\site-packages\rest_framework\views.py", line 475, in handle_exception
    self.raise_uncaught_exception(exc)
    ~~~~~~~~~~~~~~~~~~~~~~~~~~~~~^^^^^
  File "E:\Graduation_Project\best-on-click-backend\venv\Lib\site-packages\rest_framework\views.py", line 486, in raise_uncaught_exception
    raise exc
  File "E:\Graduation_Project\best-on-click-backend\venv\Lib\site-packages\rest_framework\views.py", line 512, in dispatch
    response = handler(request, *args, **kwargs)
  File "E:\Graduation_Project\best-on-click-backend\venv\Lib\site-packages\rest_framework\generics.py", line 203, in get
    return self.list(request, *args, **kwargs)
           ~~~~~~~~~^^^^^^^^^^^^^^^^^^^^^^^^^^
  File "E:\Graduation_Project\best-on-click-backend\venv\Lib\site-packages\rest_framework\mixins.py", line 43, in list
    return self.get_paginated_response(serializer.data)
                                       ^^^^^^^^^^^^^^^
  File "E:\Graduation_Project\best-on-click-backend\venv\Lib\site-packages\rest_framework\serializers.py", line 797, in data
    ret = super().data
          ^^^^^^^^^^^^
  File "E:\Graduation_Project\best-on-click-backend\venv\Lib\site-packages\rest_framework\serializers.py", line 251, in data
    self._data = self.to_representation(self.instance)
                 ~~~~~~~~~~~~~~~~~~~~~~^^^^^^^^^^^^^^^
  File "E:\Graduation_Project\best-on-click-backend\venv\Lib\site-packages\rest_framework\serializers.py", line 716, in to_representation
    self.child.to_representation(item) for item in iterable
    ~~~~~~~~~~~~~~~~~~~~~~~~~~~~^^^^^^
  File "E:\Graduation_Project\best-on-click-backend\venv\Lib\site-packages\rest_framework\serializers.py", line 525, in to_representation
    for field in fields:
                 ^^^^^^
  File "E:\Graduation_Project\best-on-click-backend\venv\Lib\site-packages\rest_framework\serializers.py", line 386, in _readable_fields
    for field in self.fields.values():
                 ^^^^^^^^^^^
  File "E:\Graduation_Project\best-on-click-backend\venv\Lib\site-packages\django\utils\functional.py", line 47, in __get__
    res = instance.__dict__[self.name] = self.func(instance)
                                         ~~~~~~~~~^^^^^^^^^^
  File "E:\Graduation_Project\best-on-click-backend\venv\Lib\site-packages\rest_framework\serializers.py", line 375, in fields
    fields[key] = value
    ~~~~~~^^^^^
  File "E:\Graduation_Project\best-on-click-backend\venv\Lib\site-packages\rest_framework\utils\serializer_helpers.py", line 167, in __setitem__
    field.bind(field_name=key, parent=self.serializer)
    ~~~~~~~~~~^^^^^^^^^^^^^^^^^^^^^^^^^^^^^^^^^^^^^^^^
  File "E:\Graduation_Project\best-on-click-backend\venv\Lib\site-packages\rest_framework\fields.py", line 358, in bind
    assert self.source != field_name, (
           ^^^^^^^^^^^^^^^^^^^^^^^^^
AssertionError: It is redundant to specify `source='is_valid'` on field 'BooleanField' in serializer 'PromotionSerializer', because it is the same as the field name. Remove the `source` keyword argument.
INFO 2025-07-10 20:15:06,272 autoreload 9968 8460 Watching for file changes with StatReloader
INFO 2025-07-10 20:23:33,092 autoreload 9968 8460 E:\Graduation_Project\best-on-click-backend\promotions\serializers.py changed, reloading.
INFO 2025-07-10 20:24:00,694 autoreload 13980 15428 Watching for file changes with StatReloader
INFO 2025-07-10 20:26:09,241 views 13980 8412 User logged in: store_owner
WARNING 2025-07-10 20:26:26,193 log 13980 3756 Not Found: /api/dashboard/store/[object Object]/analytics/
WARNING 2025-07-10 20:26:26,193 log 13980 8412 Not Found: /api/dashboard/store/undefined/stats/
WARNING 2025-07-10 20:26:26,406 log 13980 12672 Not Found: /api/dashboard/store/undefined/stats/
WARNING 2025-07-10 20:26:26,687 log 13980 12028 Not Found: /api/dashboard/store/[object Object]/analytics/
WARNING 2025-07-10 20:27:35,836 log 13980 7736 Not Found: /api/user-behavior/realtime-personalization/
WARNING 2025-07-10 20:27:36,533 log 13980 8412 Not Found: /api/products/best-deals/
WARNING 2025-07-10 20:27:37,191 log 13980 12028 Not Found: /api/products/best-deals/
WARNING 2025-07-10 20:27:38,155 log 13980 8412 Not Found: /api/user-behavior/realtime-personalization/
WARNING 2025-07-10 20:28:45,973 log 13980 12028 Method Not Allowed: /api/products/search-suggestions/
WARNING 2025-07-10 20:28:47,848 log 13980 15796 Method Not Allowed: /api/products/search-suggestions/
WARNING 2025-07-10 20:28:48,593 log 13980 7736 Method Not Allowed: /api/products/search-suggestions/
INFO 2025-07-10 20:28:54,733 services 13980 7736 Enhanced search: 't' -> 't'
INFO 2025-07-10 20:28:55,162 services 13980 15796 Enhanced search: 'te' -> 'te'
INFO 2025-07-10 20:28:55,657 services 13980 15796 Enhanced search: 'tes' -> 'tes'
INFO 2025-07-10 20:28:56,468 services 13980 15796 Enhanced search: 'test' -> 'test'
WARNING 2025-07-10 20:45:31,546 log 13980 8940 Not Found: /api/dashboard/store/undefined/stats/
WARNING 2025-07-10 20:45:31,821 log 13980 16184 Not Found: /api/dashboard/store/[object Object]/analytics/
WARNING 2025-07-10 20:45:32,522 log 13980 8940 Not Found: /api/dashboard/store/[object Object]/analytics/
WARNING 2025-07-10 20:45:33,955 log 13980 7460 Not Found: /api/dashboard/store/undefined/stats/
WARNING 2025-07-10 20:49:56,310 log 13980 13324 Not Found: /api/dashboard/store/undefined/stats/
WARNING 2025-07-10 20:49:56,326 log 13980 13440 Not Found: /api/dashboard/store/[object Object]/analytics/
WARNING 2025-07-10 20:49:56,560 log 13980 2440 Not Found: /api/dashboard/store/[object Object]/analytics/
WARNING 2025-07-10 20:49:56,694 log 13980 16708 Not Found: /api/dashboard/store/undefined/stats/
WARNING 2025-07-10 20:50:11,597 log 13980 16820 Not Found: /api/products/best-deals/
WARNING 2025-07-10 20:50:11,665 log 13980 2440 Not Found: /api/user-behavior/realtime-personalization/
WARNING 2025-07-10 20:50:12,406 log 13980 2440 Not Found: /api/products/best-deals/
WARNING 2025-07-10 20:50:13,280 log 13980 16820 Not Found: /api/user-behavior/realtime-personalization/
WARNING 2025-07-10 20:50:29,037 log 13980 16708 Not Found: /api/dashboard/store/undefined/stats/
WARNING 2025-07-10 20:50:29,060 log 13980 2440 Not Found: /api/dashboard/store/[object Object]/analytics/
WARNING 2025-07-10 20:50:29,646 log 13980 16708 Not Found: /api/dashboard/store/undefined/stats/
WARNING 2025-07-10 20:50:29,780 log 13980 18992 Not Found: /api/dashboard/store/[object Object]/analytics/
WARNING 2025-07-10 20:51:48,383 log 13980 18992 Not Found: /api/dashboard/store/[object Object]/analytics/
WARNING 2025-07-10 20:51:48,415 log 13980 16708 Not Found: /api/dashboard/store/undefined/stats/
WARNING 2025-07-10 20:51:48,425 log 13980 12516 Not Found: /api/dashboard/store/undefined/stats/
WARNING 2025-07-10 20:51:48,775 log 13980 10912 Not Found: /api/dashboard/store/[object Object]/analytics/
WARNING 2025-07-10 20:54:44,604 log 13980 12668 Not Found: /api/dashboard/store/undefined/stats/
WARNING 2025-07-10 20:54:45,888 log 13980 18844 Not Found: /api/dashboard/store/[object Object]/analytics/
WARNING 2025-07-10 20:54:47,773 log 13980 12668 Not Found: /api/dashboard/store/undefined/stats/
WARNING 2025-07-10 20:54:47,970 log 13980 16264 Not Found: /api/dashboard/store/[object Object]/analytics/
WARNING 2025-07-10 21:30:26,229 log 13980 11568 Unauthorized: /api/user-behavior/log/
WARNING 2025-07-10 21:30:28,111 log 13980 14368 Unauthorized: /api/auth/profile/
WARNING 2025-07-10 21:30:28,344 log 13980 19716 Unauthorized: /api/user-behavior/log/
WARNING 2025-07-10 21:30:28,379 log 13980 17068 Unauthorized: /api/auth/profile/
WARNING 2025-07-10 21:30:29,042 log 13980 19164 Unauthorized: /api/user-behavior/log/
WARNING 2025-07-10 21:30:30,455 log 13980 17068 Unauthorized: /api/auth/token/refresh/
WARNING 2025-07-10 21:30:35,044 log 13980 14368 Unauthorized: /api/auth/token/refresh/
INFO 2025-07-10 21:36:18,639 views 13980 12924 User logged in: store_owner
WARNING 2025-07-10 21:36:20,774 log 13980 12924 Not Found: /api/dashboard/store/undefined/stats/
WARNING 2025-07-10 21:36:20,973 log 13980 13336 Not Found: /api/dashboard/store/[object Object]/analytics/
WARNING 2025-07-10 21:36:21,589 log 13980 18072 Not Found: /api/dashboard/store/undefined/stats/
WARNING 2025-07-10 21:36:21,936 log 13980 15468 Not Found: /api/dashboard/store/[object Object]/analytics/
WARNING 2025-07-10 21:37:33,668 log 13980 13336 Not Found: /api/dashboard/store/undefined/stats/
WARNING 2025-07-10 21:37:33,688 log 13980 15468 Not Found: /api/dashboard/store/[object Object]/analytics/
INFO 2025-07-12 10:27:13,408 autoreload 9296 7064 Watching for file changes with StatReloader
WARNING 2025-07-12 10:28:09,621 log 9296 1636 Unauthorized: /api/user-behavior/log/
WARNING 2025-07-12 10:28:09,811 log 9296 17324 Unauthorized: /api/auth/profile/
WARNING 2025-07-12 10:28:09,915 log 9296 13372 Unauthorized: /api/auth/profile/
WARNING 2025-07-12 10:28:09,949 log 9296 12584 Unauthorized: /api/user-behavior/log/
WARNING 2025-07-12 10:28:14,238 log 9296 17324 Not Found: /api/products/best-deals/
WARNING 2025-07-12 10:28:14,241 log 9296 1636 Not Found: /api/products/best-deals/
WARNING 2025-07-12 10:28:16,310 log 9296 17324 Not Found: /api/user-behavior/realtime-personalization/
WARNING 2025-07-12 10:28:17,773 log 9296 12584 Not Found: /api/user-behavior/realtime-personalization/
WARNING 2025-07-12 10:29:09,008 log 9296 11732 Not Found: /api/dashboard/store/undefined/stats/
WARNING 2025-07-12 10:29:09,439 log 9296 12584 Not Found: /api/dashboard/store/[object Object]/analytics/
WARNING 2025-07-12 10:29:09,843 log 9296 1636 Not Found: /api/dashboard/store/undefined/stats/
WARNING 2025-07-12 10:29:10,525 log 9296 13372 Not Found: /api/dashboard/store/[object Object]/analytics/
WARNING 2025-07-12 11:00:05,596 log 9296 704 Not Found: /api/products/best-deals/
WARNING 2025-07-12 11:00:07,567 log 9296 15784 Not Found: /api/user-behavior/realtime-personalization/
WARNING 2025-07-12 11:00:09,033 log 9296 4432 Not Found: /api/products/best-deals/
WARNING 2025-07-12 11:00:11,415 log 9296 704 Not Found: /api/user-behavior/realtime-personalization/
WARNING 2025-07-12 11:56:06,298 log 9296 4388 Unauthorized: /api/user-behavior/log/
WARNING 2025-07-12 12:10:42,887 log 9296 6824 Unauthorized: /api/auth/profile/
WARNING 2025-07-12 12:10:44,760 log 9296 18284 Unauthorized: /api/user-behavior/log/
WARNING 2025-07-12 12:10:45,035 log 9296 6176 Unauthorized: /api/auth/profile/
WARNING 2025-07-12 12:10:46,386 log 9296 11160 Unauthorized: /api/user-behavior/log/
WARNING 2025-07-12 12:10:46,720 log 9296 6824 Unauthorized: /api/auth/token/refresh/
WARNING 2025-07-12 12:10:46,886 log 9296 18284 Unauthorized: /api/auth/token/refresh/
WARNING 2025-07-12 12:10:47,620 log 9296 6176 Unauthorized: /api/auth/token/refresh/
WARNING 2025-07-12 12:10:47,892 log 9296 11160 Unauthorized: /api/auth/token/refresh/
INFO 2025-07-12 12:11:46,945 views 9296 12620 User logged in: store_owner
WARNING 2025-07-12 12:11:48,851 log 9296 12620 Not Found: /api/dashboard/store/undefined/stats/
WARNING 2025-07-12 12:11:48,995 log 9296 19180 Not Found: /api/dashboard/store/[object Object]/analytics/
WARNING 2025-07-12 12:11:49,017 log 9296 7300 Not Found: /api/dashboard/store/[object Object]/analytics/
WARNING 2025-07-12 12:11:49,281 log 9296 9308 Not Found: /api/dashboard/store/undefined/stats/
WARNING 2025-07-12 12:44:51,985 log 9296 6812 Not Found: /api/dashboard/store/undefined/stats/
WARNING 2025-07-12 12:44:52,162 log 9296 17192 Not Found: /api/dashboard/store/[object Object]/analytics/
WARNING 2025-07-12 12:46:04,279 log 9296 17192 Not Found: /api/dashboard/store/undefined/stats/
WARNING 2025-07-12 12:46:04,300 log 9296 6812 Not Found: /api/dashboard/store/[object Object]/analytics/
WARNING 2025-07-12 12:46:16,596 log 9296 17192 Not Found: /api/dashboard/store/undefined/stats/
WARNING 2025-07-12 12:46:16,608 log 9296 20104 Not Found: /api/dashboard/store/[object Object]/analytics/
WARNING 2025-07-12 12:46:16,684 log 9296 17192 Not Found: /api/dashboard/store/undefined/stats/
WARNING 2025-07-12 12:46:16,951 log 9296 20104 Not Found: /api/dashboard/store/[object Object]/analytics/
WARNING 2025-07-12 12:56:51,032 log 9296 20432 Not Found: /api/dashboard/store/undefined/stats/
WARNING 2025-07-12 12:56:51,897 log 9296 20432 Not Found: /api/dashboard/store/[object Object]/analytics/
WARNING 2025-07-12 12:56:52,315 log 9296 18248 Not Found: /api/dashboard/store/undefined/stats/
WARNING 2025-07-12 12:56:52,755 log 9296 18248 Not Found: /api/dashboard/store/[object Object]/analytics/
WARNING 2025-07-12 12:57:15,667 log 9296 18248 Not Found: /api/dashboard/store/undefined/stats/
WARNING 2025-07-12 12:57:15,687 log 9296 20432 Not Found: /api/dashboard/store/[object Object]/analytics/
WARNING 2025-07-12 13:02:48,998 log 9296 15984 Not Found: /api/dashboard/store/[object Object]/analytics/
WARNING 2025-07-12 13:02:49,282 log 9296 8392 Not Found: /api/dashboard/store/undefined/stats/
WARNING 2025-07-12 13:02:49,844 log 9296 15984 Not Found: /api/dashboard/store/undefined/stats/
WARNING 2025-07-12 13:02:50,382 log 9296 8392 Not Found: /api/dashboard/store/[object Object]/analytics/
WARNING 2025-07-12 13:03:06,249 log 9296 4992 Not Found: /api/dashboard/store/[object Object]/analytics/
WARNING 2025-07-12 13:03:06,249 log 9296 19320 Not Found: /api/dashboard/store/undefined/stats/
WARNING 2025-07-12 13:03:06,709 log 9296 16992 Not Found: /api/dashboard/store/undefined/stats/
WARNING 2025-07-12 13:03:07,009 log 9296 4992 Not Found: /api/dashboard/store/[object Object]/analytics/
WARNING 2025-07-12 13:03:16,478 log 9296 16992 Not Found: /api/products/best-deals/
WARNING 2025-07-12 13:03:16,505 log 9296 19840 Not Found: /api/products/best-deals/
WARNING 2025-07-12 13:03:17,405 log 9296 2644 Not Found: /api/user-behavior/realtime-personalization/
WARNING 2025-07-12 13:03:18,408 log 9296 8392 Not Found: /api/user-behavior/realtime-personalization/
INFO 2025-07-12 13:03:20,112 views 9296 8392 User logged out: store_owner
WARNING 2025-07-12 13:03:21,581 log 9296 8392 Not Found: /api/products/best-deals/
INFO 2025-07-12 13:03:45,722 views 9296 8392 User logged in: store_owner
WARNING 2025-07-12 13:03:46,189 log 9296 18240 Not Found: /api/dashboard/store/undefined/stats/
WARNING 2025-07-12 13:03:46,205 log 9296 8392 Not Found: /api/dashboard/store/[object Object]/analytics/
WARNING 2025-07-12 13:03:46,275 log 9296 18240 Not Found: /api/dashboard/store/undefined/stats/
WARNING 2025-07-12 13:03:46,463 log 9296 16992 Not Found: /api/dashboard/store/[object Object]/analytics/
WARNING 2025-07-12 13:26:07,928 log 9296 14672 Not Found: /api/user-behavior/realtime-personalization/
WARNING 2025-07-12 13:26:07,930 log 9296 9136 Not Found: /api/products/best-deals/
WARNING 2025-07-12 13:26:08,361 log 9296 7476 Not Found: /api/products/best-deals/
WARNING 2025-07-12 13:26:12,446 log 9296 7476 Not Found: /api/user-behavior/realtime-personalization/
WARNING 2025-07-12 17:20:23,307 log 9296 11604 Unauthorized: /api/auth/profile/
WARNING 2025-07-12 17:20:23,455 log 9296 11528 Unauthorized: /api/user-behavior/log/
WARNING 2025-07-12 17:20:23,556 log 9296 12528 Unauthorized: /api/auth/profile/
WARNING 2025-07-12 17:20:23,648 log 9296 5960 Unauthorized: /api/user-behavior/log/
WARNING 2025-07-12 17:20:37,874 log 9296 11528 Not Found: /api/products/best-deals/
WARNING 2025-07-12 17:20:38,641 log 9296 11604 Not Found: /api/products/best-deals/
WARNING 2025-07-12 17:20:39,181 log 9296 16348 Not Found: /api/user-behavior/realtime-personalization/
WARNING 2025-07-12 17:20:40,463 log 9296 16348 Not Found: /api/user-behavior/realtime-personalization/
WARNING 2025-07-12 17:21:11,351 log 9296 12528 Not Found: /api/user-behavior/realtime-personalization/
WARNING 2025-07-12 17:21:11,755 log 9296 1428 Not Found: /api/products/best-deals/
WARNING 2025-07-12 17:21:11,818 log 9296 2536 Not Found: /api/products/best-deals/
WARNING 2025-07-12 17:21:12,903 log 9296 16348 Not Found: /api/user-behavior/realtime-personalization/
WARNING 2025-07-12 17:24:21,395 log 9296 10468 Not Found: /api/products/best-deals/
WARNING 2025-07-12 17:24:25,922 log 9296 14632 Not Found: /api/user-behavior/realtime-personalization/
WARNING 2025-07-12 17:24:29,944 log 9296 13716 Not Found: /api/products/best-deals/
WARNING 2025-07-12 17:24:30,085 log 9296 5096 Not Found: /api/user-behavior/realtime-personalization/
INFO 2025-07-12 18:35:13,594 autoreload 10376 12956 Watching for file changes with StatReloader
WARNING 2025-07-12 18:37:53,512 log 10376 10900 Unauthorized: /api/auth/profile/
WARNING 2025-07-12 18:37:54,392 log 10376 11496 Unauthorized: /api/user-behavior/log/
WARNING 2025-07-12 18:37:58,698 log 10376 11064 Unauthorized: /api/auth/profile/
WARNING 2025-07-12 18:38:04,706 log 10376 10940 Unauthorized: /api/user-behavior/log/
WARNING 2025-07-12 18:38:11,127 log 10376 11064 Unauthorized: /api/user-behavior/log/
WARNING 2025-07-12 18:38:12,692 log 10376 10900 Unauthorized: /api/auth/token/refresh/
WARNING 2025-07-12 18:38:13,457 log 10376 12004 Unauthorized: /api/user-behavior/log/
WARNING 2025-07-12 18:38:16,744 log 10376 11844 Unauthorized: /api/auth/token/refresh/
WARNING 2025-07-12 18:38:19,358 log 10376 11064 Unauthorized: /api/auth/token/refresh/
WARNING 2025-07-12 18:39:24,398 log 10376 11368 Not Found: /api/products/best-deals/
WARNING 2025-07-12 18:39:25,703 log 10376 11684 Not Found: /api/products/best-deals/
INFO 2025-07-12 19:07:58,213 autoreload 4928 10268 Watching for file changes with StatReloader
WARNING 2025-07-12 19:30:48,366 log 4928 11288 Bad Request: /api/auth/login/
WARNING 2025-07-12 19:31:20,757 log 4928 9836 Not Found: /
INFO 2025-07-12 19:32:03,779 autoreload 12512 13708 Watching for file changes with StatReloader
WARNING 2025-07-12 19:32:14,635 log 12512 9816 Not Found: /
WARNING 2025-07-12 19:37:57,469 log 12512 1284 Bad Request: /api/auth/login/
WARNING 2025-07-12 19:38:53,283 log 12512 1284 Bad Request: /api/auth/login/
WARNING 2025-07-12 19:48:32,208 log 12512 11008 Bad Request: /api/auth/login/
INFO 2025-07-15 10:45:17,662 autoreload 7668 9636 Watching for file changes with StatReloader
INFO 2025-07-15 11:41:09,767 autoreload 6432 15816 Watching for file changes with StatReloader
INFO 2025-07-17 17:26:21,969 autoreload 2828 960 Watching for file changes with StatReloader
WARNING 2025-07-17 19:10:15,404 log 2828 16736 Not Found: /
WARNING 2025-07-17 19:10:19,846 log 2828 16736 Not Found: /favicon.ico
WARNING 2025-07-17 19:21:38,846 log 2828 14064 Not Found: /
WARNING 2025-07-17 19:51:16,277 log 2828 17560 Not Found: /
WARNING 2025-07-17 19:52:30,434 log 2828 17560 Not Found: /
WARNING 2025-07-17 19:52:46,720 log 2828 17560 Not Found: /
WARNING 2025-07-17 20:03:35,132 log 2828 9316 Not Found: /
WARNING 2025-07-17 20:04:09,936 log 2828 9316 Not Found: /
WARNING 2025-07-17 20:04:26,038 log 2828 9316 Not Found: /
WARNING 2025-07-17 20:04:43,684 log 2828 9316 Not Found: /
WARNING 2025-07-17 20:42:51,681 log 2828 15336 Not Found: /favicon.ico
INFO 2025-07-19 19:47:33,967 autoreload 14416 2696 Watching for file changes with StatReloader
INFO 2025-07-19 20:53:39,058 autoreload 4988 13480 Watching for file changes with StatReloader
INFO 2025-07-19 20:54:59,366 autoreload 12780 20320 Watching for file changes with StatReloader
WARNING 2025-07-19 20:56:45,147 log 14416 9540 Not Found: /products/
INFO 2025-07-19 21:21:44,590 autoreload 14416 2696 F:\django-best-on-click\best-on-click-backend\best_on_click\settings.py changed, reloading.
INFO 2025-07-19 21:21:44,503 autoreload 4988 13480 F:\django-best-on-click\best-on-click-backend\best_on_click\settings.py changed, reloading.
INFO 2025-07-19 21:21:44,620 autoreload 12780 20320 F:\django-best-on-click\best-on-click-backend\best_on_click\settings.py changed, reloading.
INFO 2025-07-19 21:22:08,967 autoreload 9364 2208 Watching for file changes with StatReloader
INFO 2025-07-19 21:22:14,150 autoreload 9864 10012 Watching for file changes with StatReloader
INFO 2025-07-19 21:22:14,436 autoreload 11612 10808 Watching for file changes with StatReloader
INFO 2025-07-19 21:23:59,191 autoreload 13300 20244 Watching for file changes with StatReloader
WARNING 2025-07-19 21:24:29,333 log 9864 2292 Method Not Allowed: /api/auth/register/
ERROR 2025-07-19 21:31:39,145 log 11612 3984 Internal Server Error: /api/cart/
Traceback (most recent call last):
  File "F:\django-best-on-click\best-on-click-backend\venv\Lib\site-packages\django\core\handlers\exception.py", line 55, in inner
    response = get_response(request)
  File "F:\django-best-on-click\best-on-click-backend\venv\Lib\site-packages\django\core\handlers\base.py", line 197, in _get_response
    response = wrapped_callback(request, *callback_args, **callback_kwargs)
  File "F:\django-best-on-click\best-on-click-backend\venv\Lib\site-packages\django\views\decorators\csrf.py", line 65, in _view_wrapper
    return view_func(request, *args, **kwargs)
  File "F:\django-best-on-click\best-on-click-backend\venv\Lib\site-packages\django\views\generic\base.py", line 105, in view
    return self.dispatch(request, *args, **kwargs)
           ~~~~~~~~~~~~~^^^^^^^^^^^^^^^^^^^^^^^^^^
  File "F:\django-best-on-click\best-on-click-backend\venv\Lib\site-packages\rest_framework\views.py", line 515, in dispatch
    response = self.handle_exception(exc)
  File "F:\django-best-on-click\best-on-click-backend\venv\Lib\site-packages\rest_framework\views.py", line 475, in handle_exception
    self.raise_uncaught_exception(exc)
    ~~~~~~~~~~~~~~~~~~~~~~~~~~~~~^^^^^
  File "F:\django-best-on-click\best-on-click-backend\venv\Lib\site-packages\rest_framework\views.py", line 486, in raise_uncaught_exception
    raise exc
  File "F:\django-best-on-click\best-on-click-backend\venv\Lib\site-packages\rest_framework\views.py", line 512, in dispatch
    response = handler(request, *args, **kwargs)
  File "F:\django-best-on-click\best-on-click-backend\venv\Lib\site-packages\rest_framework\generics.py", line 212, in get
    return self.retrieve(request, *args, **kwargs)
           ~~~~~~~~~~~~~^^^^^^^^^^^^^^^^^^^^^^^^^^
  File "F:\django-best-on-click\best-on-click-backend\venv\Lib\site-packages\rest_framework\mixins.py", line 56, in retrieve
    return Response(serializer.data)
                    ^^^^^^^^^^^^^^^
  File "F:\django-best-on-click\best-on-click-backend\venv\Lib\site-packages\rest_framework\serializers.py", line 573, in data
    ret = super().data
          ^^^^^^^^^^^^
  File "F:\django-best-on-click\best-on-click-backend\venv\Lib\site-packages\rest_framework\serializers.py", line 251, in data
    self._data = self.to_representation(self.instance)
                 ~~~~~~~~~~~~~~~~~~~~~~^^^^^^^^^^^^^^^
  File "F:\django-best-on-click\best-on-click-backend\venv\Lib\site-packages\rest_framework\serializers.py", line 540, in to_representation
    ret[field.field_name] = field.to_representation(attribute)
                            ~~~~~~~~~~~~~~~~~~~~~~~^^^^^^^^^^^
  File "F:\django-best-on-click\best-on-click-backend\venv\Lib\site-packages\rest_framework\serializers.py", line 713, in to_representation
    iterable = data.all() if isinstance(data, models.manager.BaseManager) else data
               ~~~~~~~~^^
  File "F:\django-best-on-click\best-on-click-backend\venv\Lib\site-packages\django\db\models\manager.py", line 164, in all
    return self.get_queryset()
           ~~~~~~~~~~~~~~~~~^^
  File "F:\django-best-on-click\best-on-click-backend\venv\Lib\site-packages\django\db\models\fields\related_descriptors.py", line 760, in get_queryset
    raise ValueError(
    ...<2 lines>...
    )
ValueError: 'Cart' instance needs to have a primary key value before this relationship can be used.
INFO 2025-07-19 21:32:33,045 views 11612 3984 New user registered: Test123
INFO 2025-07-19 21:33:40,919 views 11612 8784 New user registered: testuser123
WARNING 2025-07-19 21:34:32,883 log 11612 11920 Unauthorized: /api/auth/profile/
ERROR 2025-07-19 21:34:32,889 log 11612 3984 Internal Server Error: /api/cart/
Traceback (most recent call last):
  File "F:\django-best-on-click\best-on-click-backend\venv\Lib\site-packages\django\core\handlers\exception.py", line 55, in inner
    response = get_response(request)
  File "F:\django-best-on-click\best-on-click-backend\venv\Lib\site-packages\django\core\handlers\base.py", line 197, in _get_response
    response = wrapped_callback(request, *callback_args, **callback_kwargs)
  File "F:\django-best-on-click\best-on-click-backend\venv\Lib\site-packages\django\views\decorators\csrf.py", line 65, in _view_wrapper
    return view_func(request, *args, **kwargs)
  File "F:\django-best-on-click\best-on-click-backend\venv\Lib\site-packages\django\views\generic\base.py", line 105, in view
    return self.dispatch(request, *args, **kwargs)
           ~~~~~~~~~~~~~^^^^^^^^^^^^^^^^^^^^^^^^^^
  File "F:\django-best-on-click\best-on-click-backend\venv\Lib\site-packages\rest_framework\views.py", line 515, in dispatch
    response = self.handle_exception(exc)
  File "F:\django-best-on-click\best-on-click-backend\venv\Lib\site-packages\rest_framework\views.py", line 475, in handle_exception
    self.raise_uncaught_exception(exc)
    ~~~~~~~~~~~~~~~~~~~~~~~~~~~~~^^^^^
  File "F:\django-best-on-click\best-on-click-backend\venv\Lib\site-packages\rest_framework\views.py", line 486, in raise_uncaught_exception
    raise exc
  File "F:\django-best-on-click\best-on-click-backend\venv\Lib\site-packages\rest_framework\views.py", line 512, in dispatch
    response = handler(request, *args, **kwargs)
  File "F:\django-best-on-click\best-on-click-backend\venv\Lib\site-packages\rest_framework\generics.py", line 212, in get
    return self.retrieve(request, *args, **kwargs)
           ~~~~~~~~~~~~~^^^^^^^^^^^^^^^^^^^^^^^^^^
  File "F:\django-best-on-click\best-on-click-backend\venv\Lib\site-packages\rest_framework\mixins.py", line 56, in retrieve
    return Response(serializer.data)
                    ^^^^^^^^^^^^^^^
  File "F:\django-best-on-click\best-on-click-backend\venv\Lib\site-packages\rest_framework\serializers.py", line 573, in data
    ret = super().data
          ^^^^^^^^^^^^
  File "F:\django-best-on-click\best-on-click-backend\venv\Lib\site-packages\rest_framework\serializers.py", line 251, in data
    self._data = self.to_representation(self.instance)
                 ~~~~~~~~~~~~~~~~~~~~~~^^^^^^^^^^^^^^^
  File "F:\django-best-on-click\best-on-click-backend\venv\Lib\site-packages\rest_framework\serializers.py", line 540, in to_representation
    ret[field.field_name] = field.to_representation(attribute)
                            ~~~~~~~~~~~~~~~~~~~~~~~^^^^^^^^^^^
  File "F:\django-best-on-click\best-on-click-backend\venv\Lib\site-packages\rest_framework\serializers.py", line 713, in to_representation
    iterable = data.all() if isinstance(data, models.manager.BaseManager) else data
               ~~~~~~~~^^
  File "F:\django-best-on-click\best-on-click-backend\venv\Lib\site-packages\django\db\models\manager.py", line 164, in all
    return self.get_queryset()
           ~~~~~~~~~~~~~~~~~^^
  File "F:\django-best-on-click\best-on-click-backend\venv\Lib\site-packages\django\db\models\fields\related_descriptors.py", line 760, in get_queryset
    raise ValueError(
    ...<2 lines>...
    )
ValueError: 'Cart' instance needs to have a primary key value before this relationship can be used.
WARNING 2025-07-19 21:34:34,915 log 11612 3984 Unauthorized: /api/auth/token/refresh/
ERROR 2025-07-19 21:34:49,908 log 11612 3984 Internal Server Error: /api/cart/
Traceback (most recent call last):
  File "F:\django-best-on-click\best-on-click-backend\venv\Lib\site-packages\django\core\handlers\exception.py", line 55, in inner
    response = get_response(request)
  File "F:\django-best-on-click\best-on-click-backend\venv\Lib\site-packages\django\core\handlers\base.py", line 197, in _get_response
    response = wrapped_callback(request, *callback_args, **callback_kwargs)
  File "F:\django-best-on-click\best-on-click-backend\venv\Lib\site-packages\django\views\decorators\csrf.py", line 65, in _view_wrapper
    return view_func(request, *args, **kwargs)
  File "F:\django-best-on-click\best-on-click-backend\venv\Lib\site-packages\django\views\generic\base.py", line 105, in view
    return self.dispatch(request, *args, **kwargs)
           ~~~~~~~~~~~~~^^^^^^^^^^^^^^^^^^^^^^^^^^
  File "F:\django-best-on-click\best-on-click-backend\venv\Lib\site-packages\rest_framework\views.py", line 515, in dispatch
    response = self.handle_exception(exc)
  File "F:\django-best-on-click\best-on-click-backend\venv\Lib\site-packages\rest_framework\views.py", line 475, in handle_exception
    self.raise_uncaught_exception(exc)
    ~~~~~~~~~~~~~~~~~~~~~~~~~~~~~^^^^^
  File "F:\django-best-on-click\best-on-click-backend\venv\Lib\site-packages\rest_framework\views.py", line 486, in raise_uncaught_exception
    raise exc
  File "F:\django-best-on-click\best-on-click-backend\venv\Lib\site-packages\rest_framework\views.py", line 512, in dispatch
    response = handler(request, *args, **kwargs)
  File "F:\django-best-on-click\best-on-click-backend\venv\Lib\site-packages\rest_framework\generics.py", line 212, in get
    return self.retrieve(request, *args, **kwargs)
           ~~~~~~~~~~~~~^^^^^^^^^^^^^^^^^^^^^^^^^^
  File "F:\django-best-on-click\best-on-click-backend\venv\Lib\site-packages\rest_framework\mixins.py", line 56, in retrieve
    return Response(serializer.data)
                    ^^^^^^^^^^^^^^^
  File "F:\django-best-on-click\best-on-click-backend\venv\Lib\site-packages\rest_framework\serializers.py", line 573, in data
    ret = super().data
          ^^^^^^^^^^^^
  File "F:\django-best-on-click\best-on-click-backend\venv\Lib\site-packages\rest_framework\serializers.py", line 251, in data
    self._data = self.to_representation(self.instance)
                 ~~~~~~~~~~~~~~~~~~~~~~^^^^^^^^^^^^^^^
  File "F:\django-best-on-click\best-on-click-backend\venv\Lib\site-packages\rest_framework\serializers.py", line 540, in to_representation
    ret[field.field_name] = field.to_representation(attribute)
                            ~~~~~~~~~~~~~~~~~~~~~~~^^^^^^^^^^^
  File "F:\django-best-on-click\best-on-click-backend\venv\Lib\site-packages\rest_framework\serializers.py", line 713, in to_representation
    iterable = data.all() if isinstance(data, models.manager.BaseManager) else data
               ~~~~~~~~^^
  File "F:\django-best-on-click\best-on-click-backend\venv\Lib\site-packages\django\db\models\manager.py", line 164, in all
    return self.get_queryset()
           ~~~~~~~~~~~~~~~~~^^
  File "F:\django-best-on-click\best-on-click-backend\venv\Lib\site-packages\django\db\models\fields\related_descriptors.py", line 760, in get_queryset
    raise ValueError(
    ...<2 lines>...
    )
ValueError: 'Cart' instance needs to have a primary key value before this relationship can be used.
ERROR 2025-07-19 21:35:08,222 log 11612 3984 Internal Server Error: /api/cart/
Traceback (most recent call last):
  File "F:\django-best-on-click\best-on-click-backend\venv\Lib\site-packages\django\core\handlers\exception.py", line 55, in inner
    response = get_response(request)
  File "F:\django-best-on-click\best-on-click-backend\venv\Lib\site-packages\django\core\handlers\base.py", line 197, in _get_response
    response = wrapped_callback(request, *callback_args, **callback_kwargs)
  File "F:\django-best-on-click\best-on-click-backend\venv\Lib\site-packages\django\views\decorators\csrf.py", line 65, in _view_wrapper
    return view_func(request, *args, **kwargs)
  File "F:\django-best-on-click\best-on-click-backend\venv\Lib\site-packages\django\views\generic\base.py", line 105, in view
    return self.dispatch(request, *args, **kwargs)
           ~~~~~~~~~~~~~^^^^^^^^^^^^^^^^^^^^^^^^^^
  File "F:\django-best-on-click\best-on-click-backend\venv\Lib\site-packages\rest_framework\views.py", line 515, in dispatch
    response = self.handle_exception(exc)
  File "F:\django-best-on-click\best-on-click-backend\venv\Lib\site-packages\rest_framework\views.py", line 475, in handle_exception
    self.raise_uncaught_exception(exc)
    ~~~~~~~~~~~~~~~~~~~~~~~~~~~~~^^^^^
  File "F:\django-best-on-click\best-on-click-backend\venv\Lib\site-packages\rest_framework\views.py", line 486, in raise_uncaught_exception
    raise exc
  File "F:\django-best-on-click\best-on-click-backend\venv\Lib\site-packages\rest_framework\views.py", line 512, in dispatch
    response = handler(request, *args, **kwargs)
  File "F:\django-best-on-click\best-on-click-backend\venv\Lib\site-packages\rest_framework\generics.py", line 212, in get
    return self.retrieve(request, *args, **kwargs)
           ~~~~~~~~~~~~~^^^^^^^^^^^^^^^^^^^^^^^^^^
  File "F:\django-best-on-click\best-on-click-backend\venv\Lib\site-packages\rest_framework\mixins.py", line 56, in retrieve
    return Response(serializer.data)
                    ^^^^^^^^^^^^^^^
  File "F:\django-best-on-click\best-on-click-backend\venv\Lib\site-packages\rest_framework\serializers.py", line 573, in data
    ret = super().data
          ^^^^^^^^^^^^
  File "F:\django-best-on-click\best-on-click-backend\venv\Lib\site-packages\rest_framework\serializers.py", line 251, in data
    self._data = self.to_representation(self.instance)
                 ~~~~~~~~~~~~~~~~~~~~~~^^^^^^^^^^^^^^^
  File "F:\django-best-on-click\best-on-click-backend\venv\Lib\site-packages\rest_framework\serializers.py", line 540, in to_representation
    ret[field.field_name] = field.to_representation(attribute)
                            ~~~~~~~~~~~~~~~~~~~~~~~^^^^^^^^^^^
  File "F:\django-best-on-click\best-on-click-backend\venv\Lib\site-packages\rest_framework\serializers.py", line 713, in to_representation
    iterable = data.all() if isinstance(data, models.manager.BaseManager) else data
               ~~~~~~~~^^
  File "F:\django-best-on-click\best-on-click-backend\venv\Lib\site-packages\django\db\models\manager.py", line 164, in all
    return self.get_queryset()
           ~~~~~~~~~~~~~~~~~^^
  File "F:\django-best-on-click\best-on-click-backend\venv\Lib\site-packages\django\db\models\fields\related_descriptors.py", line 760, in get_queryset
    raise ValueError(
    ...<2 lines>...
    )
ValueError: 'Cart' instance needs to have a primary key value before this relationship can be used.
INFO 2025-07-19 21:35:26,470 views 11612 3984 User logged in: Test123
WARNING 2025-07-19 21:37:49,799 log 11612 436 Method Not Allowed: /api/auth/register/
WARNING 2025-07-19 21:39:27,678 log 11612 15376 Unauthorized: /api/auth/profile/
ERROR 2025-07-19 21:39:27,977 log 11612 19484 Internal Server Error: /api/cart/
Traceback (most recent call last):
  File "F:\django-best-on-click\best-on-click-backend\venv\Lib\site-packages\django\core\handlers\exception.py", line 55, in inner
    response = get_response(request)
  File "F:\django-best-on-click\best-on-click-backend\venv\Lib\site-packages\django\core\handlers\base.py", line 197, in _get_response
    response = wrapped_callback(request, *callback_args, **callback_kwargs)
  File "F:\django-best-on-click\best-on-click-backend\venv\Lib\site-packages\django\views\decorators\csrf.py", line 65, in _view_wrapper
    return view_func(request, *args, **kwargs)
  File "F:\django-best-on-click\best-on-click-backend\venv\Lib\site-packages\django\views\generic\base.py", line 105, in view
    return self.dispatch(request, *args, **kwargs)
           ~~~~~~~~~~~~~^^^^^^^^^^^^^^^^^^^^^^^^^^
  File "F:\django-best-on-click\best-on-click-backend\venv\Lib\site-packages\rest_framework\views.py", line 515, in dispatch
    response = self.handle_exception(exc)
  File "F:\django-best-on-click\best-on-click-backend\venv\Lib\site-packages\rest_framework\views.py", line 475, in handle_exception
    self.raise_uncaught_exception(exc)
    ~~~~~~~~~~~~~~~~~~~~~~~~~~~~~^^^^^
  File "F:\django-best-on-click\best-on-click-backend\venv\Lib\site-packages\rest_framework\views.py", line 486, in raise_uncaught_exception
    raise exc
  File "F:\django-best-on-click\best-on-click-backend\venv\Lib\site-packages\rest_framework\views.py", line 512, in dispatch
    response = handler(request, *args, **kwargs)
  File "F:\django-best-on-click\best-on-click-backend\venv\Lib\site-packages\rest_framework\generics.py", line 212, in get
    return self.retrieve(request, *args, **kwargs)
           ~~~~~~~~~~~~~^^^^^^^^^^^^^^^^^^^^^^^^^^
  File "F:\django-best-on-click\best-on-click-backend\venv\Lib\site-packages\rest_framework\mixins.py", line 56, in retrieve
    return Response(serializer.data)
                    ^^^^^^^^^^^^^^^
  File "F:\django-best-on-click\best-on-click-backend\venv\Lib\site-packages\rest_framework\serializers.py", line 573, in data
    ret = super().data
          ^^^^^^^^^^^^
  File "F:\django-best-on-click\best-on-click-backend\venv\Lib\site-packages\rest_framework\serializers.py", line 251, in data
    self._data = self.to_representation(self.instance)
                 ~~~~~~~~~~~~~~~~~~~~~~^^^^^^^^^^^^^^^
  File "F:\django-best-on-click\best-on-click-backend\venv\Lib\site-packages\rest_framework\serializers.py", line 540, in to_representation
    ret[field.field_name] = field.to_representation(attribute)
                            ~~~~~~~~~~~~~~~~~~~~~~~^^^^^^^^^^^
  File "F:\django-best-on-click\best-on-click-backend\venv\Lib\site-packages\rest_framework\serializers.py", line 713, in to_representation
    iterable = data.all() if isinstance(data, models.manager.BaseManager) else data
               ~~~~~~~~^^
  File "F:\django-best-on-click\best-on-click-backend\venv\Lib\site-packages\django\db\models\manager.py", line 164, in all
    return self.get_queryset()
           ~~~~~~~~~~~~~~~~~^^
  File "F:\django-best-on-click\best-on-click-backend\venv\Lib\site-packages\django\db\models\fields\related_descriptors.py", line 760, in get_queryset
    raise ValueError(
    ...<2 lines>...
    )
ValueError: 'Cart' instance needs to have a primary key value before this relationship can be used.
ERROR 2025-07-19 21:39:37,078 log 11612 15376 Internal Server Error: /api/cart/
Traceback (most recent call last):
  File "F:\django-best-on-click\best-on-click-backend\venv\Lib\site-packages\django\core\handlers\exception.py", line 55, in inner
    response = get_response(request)
  File "F:\django-best-on-click\best-on-click-backend\venv\Lib\site-packages\django\core\handlers\base.py", line 197, in _get_response
    response = wrapped_callback(request, *callback_args, **callback_kwargs)
  File "F:\django-best-on-click\best-on-click-backend\venv\Lib\site-packages\django\views\decorators\csrf.py", line 65, in _view_wrapper
    return view_func(request, *args, **kwargs)
  File "F:\django-best-on-click\best-on-click-backend\venv\Lib\site-packages\django\views\generic\base.py", line 105, in view
    return self.dispatch(request, *args, **kwargs)
           ~~~~~~~~~~~~~^^^^^^^^^^^^^^^^^^^^^^^^^^
  File "F:\django-best-on-click\best-on-click-backend\venv\Lib\site-packages\rest_framework\views.py", line 515, in dispatch
    response = self.handle_exception(exc)
  File "F:\django-best-on-click\best-on-click-backend\venv\Lib\site-packages\rest_framework\views.py", line 475, in handle_exception
    self.raise_uncaught_exception(exc)
    ~~~~~~~~~~~~~~~~~~~~~~~~~~~~~^^^^^
  File "F:\django-best-on-click\best-on-click-backend\venv\Lib\site-packages\rest_framework\views.py", line 486, in raise_uncaught_exception
    raise exc
  File "F:\django-best-on-click\best-on-click-backend\venv\Lib\site-packages\rest_framework\views.py", line 512, in dispatch
    response = handler(request, *args, **kwargs)
  File "F:\django-best-on-click\best-on-click-backend\venv\Lib\site-packages\rest_framework\generics.py", line 212, in get
    return self.retrieve(request, *args, **kwargs)
           ~~~~~~~~~~~~~^^^^^^^^^^^^^^^^^^^^^^^^^^
  File "F:\django-best-on-click\best-on-click-backend\venv\Lib\site-packages\rest_framework\mixins.py", line 56, in retrieve
    return Response(serializer.data)
                    ^^^^^^^^^^^^^^^
  File "F:\django-best-on-click\best-on-click-backend\venv\Lib\site-packages\rest_framework\serializers.py", line 573, in data
    ret = super().data
          ^^^^^^^^^^^^
  File "F:\django-best-on-click\best-on-click-backend\venv\Lib\site-packages\rest_framework\serializers.py", line 251, in data
    self._data = self.to_representation(self.instance)
                 ~~~~~~~~~~~~~~~~~~~~~~^^^^^^^^^^^^^^^
  File "F:\django-best-on-click\best-on-click-backend\venv\Lib\site-packages\rest_framework\serializers.py", line 540, in to_representation
    ret[field.field_name] = field.to_representation(attribute)
                            ~~~~~~~~~~~~~~~~~~~~~~~^^^^^^^^^^^
  File "F:\django-best-on-click\best-on-click-backend\venv\Lib\site-packages\rest_framework\serializers.py", line 713, in to_representation
    iterable = data.all() if isinstance(data, models.manager.BaseManager) else data
               ~~~~~~~~^^
  File "F:\django-best-on-click\best-on-click-backend\venv\Lib\site-packages\django\db\models\manager.py", line 164, in all
    return self.get_queryset()
           ~~~~~~~~~~~~~~~~~^^
  File "F:\django-best-on-click\best-on-click-backend\venv\Lib\site-packages\django\db\models\fields\related_descriptors.py", line 760, in get_queryset
    raise ValueError(
    ...<2 lines>...
    )
ValueError: 'Cart' instance needs to have a primary key value before this relationship can be used.
INFO 2025-07-19 21:43:42,895 autoreload 18256 4000 Watching for file changes with StatReloader
ERROR 2025-07-19 21:47:39,708 log 11612 17720 Internal Server Error: /api/cart/
Traceback (most recent call last):
  File "F:\django-best-on-click\best-on-click-backend\venv\Lib\site-packages\django\core\handlers\exception.py", line 55, in inner
    response = get_response(request)
  File "F:\django-best-on-click\best-on-click-backend\venv\Lib\site-packages\django\core\handlers\base.py", line 197, in _get_response
    response = wrapped_callback(request, *callback_args, **callback_kwargs)
  File "F:\django-best-on-click\best-on-click-backend\venv\Lib\site-packages\django\views\decorators\csrf.py", line 65, in _view_wrapper
    return view_func(request, *args, **kwargs)
  File "F:\django-best-on-click\best-on-click-backend\venv\Lib\site-packages\django\views\generic\base.py", line 105, in view
    return self.dispatch(request, *args, **kwargs)
           ~~~~~~~~~~~~~^^^^^^^^^^^^^^^^^^^^^^^^^^
  File "F:\django-best-on-click\best-on-click-backend\venv\Lib\site-packages\rest_framework\views.py", line 515, in dispatch
    response = self.handle_exception(exc)
  File "F:\django-best-on-click\best-on-click-backend\venv\Lib\site-packages\rest_framework\views.py", line 475, in handle_exception
    self.raise_uncaught_exception(exc)
    ~~~~~~~~~~~~~~~~~~~~~~~~~~~~~^^^^^
  File "F:\django-best-on-click\best-on-click-backend\venv\Lib\site-packages\rest_framework\views.py", line 486, in raise_uncaught_exception
    raise exc
  File "F:\django-best-on-click\best-on-click-backend\venv\Lib\site-packages\rest_framework\views.py", line 512, in dispatch
    response = handler(request, *args, **kwargs)
  File "F:\django-best-on-click\best-on-click-backend\venv\Lib\site-packages\rest_framework\generics.py", line 212, in get
    return self.retrieve(request, *args, **kwargs)
           ~~~~~~~~~~~~~^^^^^^^^^^^^^^^^^^^^^^^^^^
  File "F:\django-best-on-click\best-on-click-backend\venv\Lib\site-packages\rest_framework\mixins.py", line 56, in retrieve
    return Response(serializer.data)
                    ^^^^^^^^^^^^^^^
  File "F:\django-best-on-click\best-on-click-backend\venv\Lib\site-packages\rest_framework\serializers.py", line 573, in data
    ret = super().data
          ^^^^^^^^^^^^
  File "F:\django-best-on-click\best-on-click-backend\venv\Lib\site-packages\rest_framework\serializers.py", line 251, in data
    self._data = self.to_representation(self.instance)
                 ~~~~~~~~~~~~~~~~~~~~~~^^^^^^^^^^^^^^^
  File "F:\django-best-on-click\best-on-click-backend\venv\Lib\site-packages\rest_framework\serializers.py", line 540, in to_representation
    ret[field.field_name] = field.to_representation(attribute)
                            ~~~~~~~~~~~~~~~~~~~~~~~^^^^^^^^^^^
  File "F:\django-best-on-click\best-on-click-backend\venv\Lib\site-packages\rest_framework\serializers.py", line 713, in to_representation
    iterable = data.all() if isinstance(data, models.manager.BaseManager) else data
               ~~~~~~~~^^
  File "F:\django-best-on-click\best-on-click-backend\venv\Lib\site-packages\django\db\models\manager.py", line 164, in all
    return self.get_queryset()
           ~~~~~~~~~~~~~~~~~^^
  File "F:\django-best-on-click\best-on-click-backend\venv\Lib\site-packages\django\db\models\fields\related_descriptors.py", line 760, in get_queryset
    raise ValueError(
    ...<2 lines>...
    )
ValueError: 'Cart' instance needs to have a primary key value before this relationship can be used.
INFO 2025-07-19 22:01:19,730 views 11612 7000 New user registered: testowner
WARNING 2025-07-19 22:01:21,518 log 11612 7000 Not Found: /api/dashboard/stats/
WARNING 2025-07-19 22:01:23,062 log 11612 7072 Not Found: /api/dashboard/my-products/
WARNING 2025-07-19 22:39:49,026 log 11612 10620 Unauthorized: /api/auth/profile/
ERROR 2025-07-19 22:39:49,754 views 11612 17564 Error getting store analytics: No Store matches the given query.
ERROR 2025-07-19 22:39:50,199 views 11612 10620 Error getting store performance: No Store matches the given query.
ERROR 2025-07-19 22:39:50,180 log 11612 17564 Internal Server Error: /api/dashboard/stores/1/analytics/
ERROR 2025-07-19 22:39:50,424 views 11612 16836 Error getting store analytics: No Store matches the given query.
ERROR 2025-07-19 22:39:50,683 log 11612 10620 Internal Server Error: /api/dashboard/stores/1/performance/
ERROR 2025-07-19 22:39:51,500 log 11612 16836 Internal Server Error: /api/dashboard/stores/1/analytics/
ERROR 2025-07-19 22:39:52,016 log 11612 15184 Internal Server Error: /api/cart/
Traceback (most recent call last):
  File "F:\django-best-on-click\best-on-click-backend\venv\Lib\site-packages\django\core\handlers\exception.py", line 55, in inner
    response = get_response(request)
  File "F:\django-best-on-click\best-on-click-backend\venv\Lib\site-packages\django\core\handlers\base.py", line 197, in _get_response
    response = wrapped_callback(request, *callback_args, **callback_kwargs)
  File "F:\django-best-on-click\best-on-click-backend\venv\Lib\site-packages\django\views\decorators\csrf.py", line 65, in _view_wrapper
    return view_func(request, *args, **kwargs)
  File "F:\django-best-on-click\best-on-click-backend\venv\Lib\site-packages\django\views\generic\base.py", line 105, in view
    return self.dispatch(request, *args, **kwargs)
           ~~~~~~~~~~~~~^^^^^^^^^^^^^^^^^^^^^^^^^^
  File "F:\django-best-on-click\best-on-click-backend\venv\Lib\site-packages\rest_framework\views.py", line 515, in dispatch
    response = self.handle_exception(exc)
  File "F:\django-best-on-click\best-on-click-backend\venv\Lib\site-packages\rest_framework\views.py", line 475, in handle_exception
    self.raise_uncaught_exception(exc)
    ~~~~~~~~~~~~~~~~~~~~~~~~~~~~~^^^^^
  File "F:\django-best-on-click\best-on-click-backend\venv\Lib\site-packages\rest_framework\views.py", line 486, in raise_uncaught_exception
    raise exc
  File "F:\django-best-on-click\best-on-click-backend\venv\Lib\site-packages\rest_framework\views.py", line 512, in dispatch
    response = handler(request, *args, **kwargs)
  File "F:\django-best-on-click\best-on-click-backend\venv\Lib\site-packages\rest_framework\generics.py", line 212, in get
    return self.retrieve(request, *args, **kwargs)
           ~~~~~~~~~~~~~^^^^^^^^^^^^^^^^^^^^^^^^^^
  File "F:\django-best-on-click\best-on-click-backend\venv\Lib\site-packages\rest_framework\mixins.py", line 56, in retrieve
    return Response(serializer.data)
                    ^^^^^^^^^^^^^^^
  File "F:\django-best-on-click\best-on-click-backend\venv\Lib\site-packages\rest_framework\serializers.py", line 573, in data
    ret = super().data
          ^^^^^^^^^^^^
  File "F:\django-best-on-click\best-on-click-backend\venv\Lib\site-packages\rest_framework\serializers.py", line 251, in data
    self._data = self.to_representation(self.instance)
                 ~~~~~~~~~~~~~~~~~~~~~~^^^^^^^^^^^^^^^
  File "F:\django-best-on-click\best-on-click-backend\venv\Lib\site-packages\rest_framework\serializers.py", line 540, in to_representation
    ret[field.field_name] = field.to_representation(attribute)
                            ~~~~~~~~~~~~~~~~~~~~~~~^^^^^^^^^^^
  File "F:\django-best-on-click\best-on-click-backend\venv\Lib\site-packages\rest_framework\serializers.py", line 713, in to_representation
    iterable = data.all() if isinstance(data, models.manager.BaseManager) else data
               ~~~~~~~~^^
  File "F:\django-best-on-click\best-on-click-backend\venv\Lib\site-packages\django\db\models\manager.py", line 164, in all
    return self.get_queryset()
           ~~~~~~~~~~~~~~~~~^^
  File "F:\django-best-on-click\best-on-click-backend\venv\Lib\site-packages\django\db\models\fields\related_descriptors.py", line 760, in get_queryset
    raise ValueError(
    ...<2 lines>...
    )
ValueError: 'Cart' instance needs to have a primary key value before this relationship can be used.
ERROR 2025-07-19 22:40:09,077 log 11612 17284 Internal Server Error: /api/cart/
Traceback (most recent call last):
  File "F:\django-best-on-click\best-on-click-backend\venv\Lib\site-packages\django\core\handlers\exception.py", line 55, in inner
    response = get_response(request)
  File "F:\django-best-on-click\best-on-click-backend\venv\Lib\site-packages\django\core\handlers\base.py", line 197, in _get_response
    response = wrapped_callback(request, *callback_args, **callback_kwargs)
  File "F:\django-best-on-click\best-on-click-backend\venv\Lib\site-packages\django\views\decorators\csrf.py", line 65, in _view_wrapper
    return view_func(request, *args, **kwargs)
  File "F:\django-best-on-click\best-on-click-backend\venv\Lib\site-packages\django\views\generic\base.py", line 105, in view
    return self.dispatch(request, *args, **kwargs)
           ~~~~~~~~~~~~~^^^^^^^^^^^^^^^^^^^^^^^^^^
  File "F:\django-best-on-click\best-on-click-backend\venv\Lib\site-packages\rest_framework\views.py", line 515, in dispatch
    response = self.handle_exception(exc)
  File "F:\django-best-on-click\best-on-click-backend\venv\Lib\site-packages\rest_framework\views.py", line 475, in handle_exception
    self.raise_uncaught_exception(exc)
    ~~~~~~~~~~~~~~~~~~~~~~~~~~~~~^^^^^
  File "F:\django-best-on-click\best-on-click-backend\venv\Lib\site-packages\rest_framework\views.py", line 486, in raise_uncaught_exception
    raise exc
  File "F:\django-best-on-click\best-on-click-backend\venv\Lib\site-packages\rest_framework\views.py", line 512, in dispatch
    response = handler(request, *args, **kwargs)
  File "F:\django-best-on-click\best-on-click-backend\venv\Lib\site-packages\rest_framework\generics.py", line 212, in get
    return self.retrieve(request, *args, **kwargs)
           ~~~~~~~~~~~~~^^^^^^^^^^^^^^^^^^^^^^^^^^
  File "F:\django-best-on-click\best-on-click-backend\venv\Lib\site-packages\rest_framework\mixins.py", line 56, in retrieve
    return Response(serializer.data)
                    ^^^^^^^^^^^^^^^
  File "F:\django-best-on-click\best-on-click-backend\venv\Lib\site-packages\rest_framework\serializers.py", line 573, in data
    ret = super().data
          ^^^^^^^^^^^^
  File "F:\django-best-on-click\best-on-click-backend\venv\Lib\site-packages\rest_framework\serializers.py", line 251, in data
    self._data = self.to_representation(self.instance)
                 ~~~~~~~~~~~~~~~~~~~~~~^^^^^^^^^^^^^^^
  File "F:\django-best-on-click\best-on-click-backend\venv\Lib\site-packages\rest_framework\serializers.py", line 540, in to_representation
    ret[field.field_name] = field.to_representation(attribute)
                            ~~~~~~~~~~~~~~~~~~~~~~~^^^^^^^^^^^
  File "F:\django-best-on-click\best-on-click-backend\venv\Lib\site-packages\rest_framework\serializers.py", line 713, in to_representation
    iterable = data.all() if isinstance(data, models.manager.BaseManager) else data
               ~~~~~~~~^^
  File "F:\django-best-on-click\best-on-click-backend\venv\Lib\site-packages\django\db\models\manager.py", line 164, in all
    return self.get_queryset()
           ~~~~~~~~~~~~~~~~~^^
  File "F:\django-best-on-click\best-on-click-backend\venv\Lib\site-packages\django\db\models\fields\related_descriptors.py", line 760, in get_queryset
    raise ValueError(
    ...<2 lines>...
    )
ValueError: 'Cart' instance needs to have a primary key value before this relationship can be used.
WARNING 2025-07-19 22:40:21,616 log 11612 15376 Unauthorized: /api/dashboard/stores/1/analytics/
INFO 2025-07-19 22:40:50,002 views 11612 17284 User logged in: testowner
ERROR 2025-07-19 22:40:50,826 views 11612 11976 Error getting store analytics: No Store matches the given query.
WARNING 2025-07-19 22:40:50,812 log 11612 15728 Not Found: /api/dashboard/stores/1/products/
ERROR 2025-07-19 22:40:51,409 views 11612 2288 Error getting store performance: No Store matches the given query.
ERROR 2025-07-19 22:40:51,096 log 11612 11976 Internal Server Error: /api/dashboard/stores/1/analytics/
ERROR 2025-07-19 22:40:51,935 views 11612 9860 Error generating AI insights: No Store matches the given query.
ERROR 2025-07-19 22:40:52,318 log 11612 2288 Internal Server Error: /api/dashboard/stores/1/performance/
ERROR 2025-07-19 22:40:53,071 log 11612 9860 Internal Server Error: /api/dashboard/stores/1/ai-insights/
ERROR 2025-07-19 22:40:54,196 views 11612 17284 Error getting store analytics: No Store matches the given query.
ERROR 2025-07-19 22:40:54,681 log 11612 17284 Internal Server Error: /api/dashboard/stores/1/analytics/
ERROR 2025-07-19 22:43:35,567 views 11612 5872 Error getting store analytics: No Store matches the given query.
ERROR 2025-07-19 22:43:35,682 log 11612 5872 Internal Server Error: /api/dashboard/stores/1/analytics/
ERROR 2025-07-19 22:43:35,830 views 11612 6068 Error getting store performance: No Store matches the given query.
ERROR 2025-07-19 22:43:35,969 log 11612 6068 Internal Server Error: /api/dashboard/stores/1/performance/
ERROR 2025-07-19 22:43:36,029 views 11612 4972 Error getting store analytics: No Store matches the given query.
WARNING 2025-07-19 22:43:35,982 log 11612 6048 Not Found: /api/dashboard/stores/1/products/
ERROR 2025-07-19 22:43:36,101 views 11612 17880 Error generating AI insights: No Store matches the given query.
ERROR 2025-07-19 22:43:36,116 log 11612 4972 Internal Server Error: /api/dashboard/stores/1/analytics/
ERROR 2025-07-19 22:43:36,423 log 11612 17880 Internal Server Error: /api/dashboard/stores/1/ai-insights/
WARNING 2025-07-19 22:45:10,255 log 11612 6068 Unauthorized: /api/auth/profile/
ERROR 2025-07-19 22:45:10,722 log 11612 6048 Internal Server Error: /api/cart/
Traceback (most recent call last):
  File "F:\django-best-on-click\best-on-click-backend\venv\Lib\site-packages\django\core\handlers\exception.py", line 55, in inner
    response = get_response(request)
  File "F:\django-best-on-click\best-on-click-backend\venv\Lib\site-packages\django\core\handlers\base.py", line 197, in _get_response
    response = wrapped_callback(request, *callback_args, **callback_kwargs)
  File "F:\django-best-on-click\best-on-click-backend\venv\Lib\site-packages\django\views\decorators\csrf.py", line 65, in _view_wrapper
    return view_func(request, *args, **kwargs)
  File "F:\django-best-on-click\best-on-click-backend\venv\Lib\site-packages\django\views\generic\base.py", line 105, in view
    return self.dispatch(request, *args, **kwargs)
           ~~~~~~~~~~~~~^^^^^^^^^^^^^^^^^^^^^^^^^^
  File "F:\django-best-on-click\best-on-click-backend\venv\Lib\site-packages\rest_framework\views.py", line 515, in dispatch
    response = self.handle_exception(exc)
  File "F:\django-best-on-click\best-on-click-backend\venv\Lib\site-packages\rest_framework\views.py", line 475, in handle_exception
    self.raise_uncaught_exception(exc)
    ~~~~~~~~~~~~~~~~~~~~~~~~~~~~~^^^^^
  File "F:\django-best-on-click\best-on-click-backend\venv\Lib\site-packages\rest_framework\views.py", line 486, in raise_uncaught_exception
    raise exc
  File "F:\django-best-on-click\best-on-click-backend\venv\Lib\site-packages\rest_framework\views.py", line 512, in dispatch
    response = handler(request, *args, **kwargs)
  File "F:\django-best-on-click\best-on-click-backend\venv\Lib\site-packages\rest_framework\generics.py", line 212, in get
    return self.retrieve(request, *args, **kwargs)
           ~~~~~~~~~~~~~^^^^^^^^^^^^^^^^^^^^^^^^^^
  File "F:\django-best-on-click\best-on-click-backend\venv\Lib\site-packages\rest_framework\mixins.py", line 56, in retrieve
    return Response(serializer.data)
                    ^^^^^^^^^^^^^^^
  File "F:\django-best-on-click\best-on-click-backend\venv\Lib\site-packages\rest_framework\serializers.py", line 573, in data
    ret = super().data
          ^^^^^^^^^^^^
  File "F:\django-best-on-click\best-on-click-backend\venv\Lib\site-packages\rest_framework\serializers.py", line 251, in data
    self._data = self.to_representation(self.instance)
                 ~~~~~~~~~~~~~~~~~~~~~~^^^^^^^^^^^^^^^
  File "F:\django-best-on-click\best-on-click-backend\venv\Lib\site-packages\rest_framework\serializers.py", line 540, in to_representation
    ret[field.field_name] = field.to_representation(attribute)
                            ~~~~~~~~~~~~~~~~~~~~~~~^^^^^^^^^^^
  File "F:\django-best-on-click\best-on-click-backend\venv\Lib\site-packages\rest_framework\serializers.py", line 713, in to_representation
    iterable = data.all() if isinstance(data, models.manager.BaseManager) else data
               ~~~~~~~~^^
  File "F:\django-best-on-click\best-on-click-backend\venv\Lib\site-packages\django\db\models\manager.py", line 164, in all
    return self.get_queryset()
           ~~~~~~~~~~~~~~~~~^^
  File "F:\django-best-on-click\best-on-click-backend\venv\Lib\site-packages\django\db\models\fields\related_descriptors.py", line 760, in get_queryset
    raise ValueError(
    ...<2 lines>...
    )
ValueError: 'Cart' instance needs to have a primary key value before this relationship can be used.
ERROR 2025-07-19 22:45:17,472 log 11612 6068 Internal Server Error: /api/cart/
Traceback (most recent call last):
  File "F:\django-best-on-click\best-on-click-backend\venv\Lib\site-packages\django\core\handlers\exception.py", line 55, in inner
    response = get_response(request)
  File "F:\django-best-on-click\best-on-click-backend\venv\Lib\site-packages\django\core\handlers\base.py", line 197, in _get_response
    response = wrapped_callback(request, *callback_args, **callback_kwargs)
  File "F:\django-best-on-click\best-on-click-backend\venv\Lib\site-packages\django\views\decorators\csrf.py", line 65, in _view_wrapper
    return view_func(request, *args, **kwargs)
  File "F:\django-best-on-click\best-on-click-backend\venv\Lib\site-packages\django\views\generic\base.py", line 105, in view
    return self.dispatch(request, *args, **kwargs)
           ~~~~~~~~~~~~~^^^^^^^^^^^^^^^^^^^^^^^^^^
  File "F:\django-best-on-click\best-on-click-backend\venv\Lib\site-packages\rest_framework\views.py", line 515, in dispatch
    response = self.handle_exception(exc)
  File "F:\django-best-on-click\best-on-click-backend\venv\Lib\site-packages\rest_framework\views.py", line 475, in handle_exception
    self.raise_uncaught_exception(exc)
    ~~~~~~~~~~~~~~~~~~~~~~~~~~~~~^^^^^
  File "F:\django-best-on-click\best-on-click-backend\venv\Lib\site-packages\rest_framework\views.py", line 486, in raise_uncaught_exception
    raise exc
  File "F:\django-best-on-click\best-on-click-backend\venv\Lib\site-packages\rest_framework\views.py", line 512, in dispatch
    response = handler(request, *args, **kwargs)
  File "F:\django-best-on-click\best-on-click-backend\venv\Lib\site-packages\rest_framework\generics.py", line 212, in get
    return self.retrieve(request, *args, **kwargs)
           ~~~~~~~~~~~~~^^^^^^^^^^^^^^^^^^^^^^^^^^
  File "F:\django-best-on-click\best-on-click-backend\venv\Lib\site-packages\rest_framework\mixins.py", line 56, in retrieve
    return Response(serializer.data)
                    ^^^^^^^^^^^^^^^
  File "F:\django-best-on-click\best-on-click-backend\venv\Lib\site-packages\rest_framework\serializers.py", line 573, in data
    ret = super().data
          ^^^^^^^^^^^^
  File "F:\django-best-on-click\best-on-click-backend\venv\Lib\site-packages\rest_framework\serializers.py", line 251, in data
    self._data = self.to_representation(self.instance)
                 ~~~~~~~~~~~~~~~~~~~~~~^^^^^^^^^^^^^^^
  File "F:\django-best-on-click\best-on-click-backend\venv\Lib\site-packages\rest_framework\serializers.py", line 540, in to_representation
    ret[field.field_name] = field.to_representation(attribute)
                            ~~~~~~~~~~~~~~~~~~~~~~~^^^^^^^^^^^
  File "F:\django-best-on-click\best-on-click-backend\venv\Lib\site-packages\rest_framework\serializers.py", line 713, in to_representation
    iterable = data.all() if isinstance(data, models.manager.BaseManager) else data
               ~~~~~~~~^^
  File "F:\django-best-on-click\best-on-click-backend\venv\Lib\site-packages\django\db\models\manager.py", line 164, in all
    return self.get_queryset()
           ~~~~~~~~~~~~~~~~~^^
  File "F:\django-best-on-click\best-on-click-backend\venv\Lib\site-packages\django\db\models\fields\related_descriptors.py", line 760, in get_queryset
    raise ValueError(
    ...<2 lines>...
    )
ValueError: 'Cart' instance needs to have a primary key value before this relationship can be used.
ERROR 2025-07-19 22:58:50,462 log 11612 9604 Internal Server Error: /api/cart/
Traceback (most recent call last):
  File "F:\django-best-on-click\best-on-click-backend\venv\Lib\site-packages\django\core\handlers\exception.py", line 55, in inner
    response = get_response(request)
  File "F:\django-best-on-click\best-on-click-backend\venv\Lib\site-packages\django\core\handlers\base.py", line 197, in _get_response
    response = wrapped_callback(request, *callback_args, **callback_kwargs)
  File "F:\django-best-on-click\best-on-click-backend\venv\Lib\site-packages\django\views\decorators\csrf.py", line 65, in _view_wrapper
    return view_func(request, *args, **kwargs)
  File "F:\django-best-on-click\best-on-click-backend\venv\Lib\site-packages\django\views\generic\base.py", line 105, in view
    return self.dispatch(request, *args, **kwargs)
           ~~~~~~~~~~~~~^^^^^^^^^^^^^^^^^^^^^^^^^^
  File "F:\django-best-on-click\best-on-click-backend\venv\Lib\site-packages\rest_framework\views.py", line 515, in dispatch
    response = self.handle_exception(exc)
  File "F:\django-best-on-click\best-on-click-backend\venv\Lib\site-packages\rest_framework\views.py", line 475, in handle_exception
    self.raise_uncaught_exception(exc)
    ~~~~~~~~~~~~~~~~~~~~~~~~~~~~~^^^^^
  File "F:\django-best-on-click\best-on-click-backend\venv\Lib\site-packages\rest_framework\views.py", line 486, in raise_uncaught_exception
    raise exc
  File "F:\django-best-on-click\best-on-click-backend\venv\Lib\site-packages\rest_framework\views.py", line 512, in dispatch
    response = handler(request, *args, **kwargs)
  File "F:\django-best-on-click\best-on-click-backend\venv\Lib\site-packages\rest_framework\generics.py", line 212, in get
    return self.retrieve(request, *args, **kwargs)
           ~~~~~~~~~~~~~^^^^^^^^^^^^^^^^^^^^^^^^^^
  File "F:\django-best-on-click\best-on-click-backend\venv\Lib\site-packages\rest_framework\mixins.py", line 56, in retrieve
    return Response(serializer.data)
                    ^^^^^^^^^^^^^^^
  File "F:\django-best-on-click\best-on-click-backend\venv\Lib\site-packages\rest_framework\serializers.py", line 573, in data
    ret = super().data
          ^^^^^^^^^^^^
  File "F:\django-best-on-click\best-on-click-backend\venv\Lib\site-packages\rest_framework\serializers.py", line 251, in data
    self._data = self.to_representation(self.instance)
                 ~~~~~~~~~~~~~~~~~~~~~~^^^^^^^^^^^^^^^
  File "F:\django-best-on-click\best-on-click-backend\venv\Lib\site-packages\rest_framework\serializers.py", line 540, in to_representation
    ret[field.field_name] = field.to_representation(attribute)
                            ~~~~~~~~~~~~~~~~~~~~~~~^^^^^^^^^^^
  File "F:\django-best-on-click\best-on-click-backend\venv\Lib\site-packages\rest_framework\serializers.py", line 713, in to_representation
    iterable = data.all() if isinstance(data, models.manager.BaseManager) else data
               ~~~~~~~~^^
  File "F:\django-best-on-click\best-on-click-backend\venv\Lib\site-packages\django\db\models\manager.py", line 164, in all
    return self.get_queryset()
           ~~~~~~~~~~~~~~~~~^^
  File "F:\django-best-on-click\best-on-click-backend\venv\Lib\site-packages\django\db\models\fields\related_descriptors.py", line 760, in get_queryset
    raise ValueError(
    ...<2 lines>...
    )
ValueError: 'Cart' instance needs to have a primary key value before this relationship can be used.
ERROR 2025-07-19 23:01:34,948 log 11612 7932 Internal Server Error: /api/cart/
Traceback (most recent call last):
  File "F:\django-best-on-click\best-on-click-backend\venv\Lib\site-packages\django\core\handlers\exception.py", line 55, in inner
    response = get_response(request)
  File "F:\django-best-on-click\best-on-click-backend\venv\Lib\site-packages\django\core\handlers\base.py", line 197, in _get_response
    response = wrapped_callback(request, *callback_args, **callback_kwargs)
  File "F:\django-best-on-click\best-on-click-backend\venv\Lib\site-packages\django\views\decorators\csrf.py", line 65, in _view_wrapper
    return view_func(request, *args, **kwargs)
  File "F:\django-best-on-click\best-on-click-backend\venv\Lib\site-packages\django\views\generic\base.py", line 105, in view
    return self.dispatch(request, *args, **kwargs)
           ~~~~~~~~~~~~~^^^^^^^^^^^^^^^^^^^^^^^^^^
  File "F:\django-best-on-click\best-on-click-backend\venv\Lib\site-packages\rest_framework\views.py", line 515, in dispatch
    response = self.handle_exception(exc)
  File "F:\django-best-on-click\best-on-click-backend\venv\Lib\site-packages\rest_framework\views.py", line 475, in handle_exception
    self.raise_uncaught_exception(exc)
    ~~~~~~~~~~~~~~~~~~~~~~~~~~~~~^^^^^
  File "F:\django-best-on-click\best-on-click-backend\venv\Lib\site-packages\rest_framework\views.py", line 486, in raise_uncaught_exception
    raise exc
  File "F:\django-best-on-click\best-on-click-backend\venv\Lib\site-packages\rest_framework\views.py", line 512, in dispatch
    response = handler(request, *args, **kwargs)
  File "F:\django-best-on-click\best-on-click-backend\venv\Lib\site-packages\rest_framework\generics.py", line 212, in get
    return self.retrieve(request, *args, **kwargs)
           ~~~~~~~~~~~~~^^^^^^^^^^^^^^^^^^^^^^^^^^
  File "F:\django-best-on-click\best-on-click-backend\venv\Lib\site-packages\rest_framework\mixins.py", line 56, in retrieve
    return Response(serializer.data)
                    ^^^^^^^^^^^^^^^
  File "F:\django-best-on-click\best-on-click-backend\venv\Lib\site-packages\rest_framework\serializers.py", line 573, in data
    ret = super().data
          ^^^^^^^^^^^^
  File "F:\django-best-on-click\best-on-click-backend\venv\Lib\site-packages\rest_framework\serializers.py", line 251, in data
    self._data = self.to_representation(self.instance)
                 ~~~~~~~~~~~~~~~~~~~~~~^^^^^^^^^^^^^^^
  File "F:\django-best-on-click\best-on-click-backend\venv\Lib\site-packages\rest_framework\serializers.py", line 540, in to_representation
    ret[field.field_name] = field.to_representation(attribute)
                            ~~~~~~~~~~~~~~~~~~~~~~~^^^^^^^^^^^
  File "F:\django-best-on-click\best-on-click-backend\venv\Lib\site-packages\rest_framework\serializers.py", line 713, in to_representation
    iterable = data.all() if isinstance(data, models.manager.BaseManager) else data
               ~~~~~~~~^^
  File "F:\django-best-on-click\best-on-click-backend\venv\Lib\site-packages\django\db\models\manager.py", line 164, in all
    return self.get_queryset()
           ~~~~~~~~~~~~~~~~~^^
  File "F:\django-best-on-click\best-on-click-backend\venv\Lib\site-packages\django\db\models\fields\related_descriptors.py", line 760, in get_queryset
    raise ValueError(
    ...<2 lines>...
    )
ValueError: 'Cart' instance needs to have a primary key value before this relationship can be used.
ERROR 2025-07-19 23:03:33,744 log 11612 7932 Internal Server Error: /api/cart/
Traceback (most recent call last):
  File "F:\django-best-on-click\best-on-click-backend\venv\Lib\site-packages\django\core\handlers\exception.py", line 55, in inner
    response = get_response(request)
  File "F:\django-best-on-click\best-on-click-backend\venv\Lib\site-packages\django\core\handlers\base.py", line 197, in _get_response
    response = wrapped_callback(request, *callback_args, **callback_kwargs)
  File "F:\django-best-on-click\best-on-click-backend\venv\Lib\site-packages\django\views\decorators\csrf.py", line 65, in _view_wrapper
    return view_func(request, *args, **kwargs)
  File "F:\django-best-on-click\best-on-click-backend\venv\Lib\site-packages\django\views\generic\base.py", line 105, in view
    return self.dispatch(request, *args, **kwargs)
           ~~~~~~~~~~~~~^^^^^^^^^^^^^^^^^^^^^^^^^^
  File "F:\django-best-on-click\best-on-click-backend\venv\Lib\site-packages\rest_framework\views.py", line 515, in dispatch
    response = self.handle_exception(exc)
  File "F:\django-best-on-click\best-on-click-backend\venv\Lib\site-packages\rest_framework\views.py", line 475, in handle_exception
    self.raise_uncaught_exception(exc)
    ~~~~~~~~~~~~~~~~~~~~~~~~~~~~~^^^^^
  File "F:\django-best-on-click\best-on-click-backend\venv\Lib\site-packages\rest_framework\views.py", line 486, in raise_uncaught_exception
    raise exc
  File "F:\django-best-on-click\best-on-click-backend\venv\Lib\site-packages\rest_framework\views.py", line 512, in dispatch
    response = handler(request, *args, **kwargs)
  File "F:\django-best-on-click\best-on-click-backend\venv\Lib\site-packages\rest_framework\generics.py", line 212, in get
    return self.retrieve(request, *args, **kwargs)
           ~~~~~~~~~~~~~^^^^^^^^^^^^^^^^^^^^^^^^^^
  File "F:\django-best-on-click\best-on-click-backend\venv\Lib\site-packages\rest_framework\mixins.py", line 56, in retrieve
    return Response(serializer.data)
                    ^^^^^^^^^^^^^^^
  File "F:\django-best-on-click\best-on-click-backend\venv\Lib\site-packages\rest_framework\serializers.py", line 573, in data
    ret = super().data
          ^^^^^^^^^^^^
  File "F:\django-best-on-click\best-on-click-backend\venv\Lib\site-packages\rest_framework\serializers.py", line 251, in data
    self._data = self.to_representation(self.instance)
                 ~~~~~~~~~~~~~~~~~~~~~~^^^^^^^^^^^^^^^
  File "F:\django-best-on-click\best-on-click-backend\venv\Lib\site-packages\rest_framework\serializers.py", line 540, in to_representation
    ret[field.field_name] = field.to_representation(attribute)
                            ~~~~~~~~~~~~~~~~~~~~~~~^^^^^^^^^^^
  File "F:\django-best-on-click\best-on-click-backend\venv\Lib\site-packages\rest_framework\serializers.py", line 713, in to_representation
    iterable = data.all() if isinstance(data, models.manager.BaseManager) else data
               ~~~~~~~~^^
  File "F:\django-best-on-click\best-on-click-backend\venv\Lib\site-packages\django\db\models\manager.py", line 164, in all
    return self.get_queryset()
           ~~~~~~~~~~~~~~~~~^^
  File "F:\django-best-on-click\best-on-click-backend\venv\Lib\site-packages\django\db\models\fields\related_descriptors.py", line 760, in get_queryset
    raise ValueError(
    ...<2 lines>...
    )
ValueError: 'Cart' instance needs to have a primary key value before this relationship can be used.
ERROR 2025-07-19 23:06:54,669 log 11612 11760 Internal Server Error: /api/cart/
Traceback (most recent call last):
  File "F:\django-best-on-click\best-on-click-backend\venv\Lib\site-packages\django\core\handlers\exception.py", line 55, in inner
    response = get_response(request)
  File "F:\django-best-on-click\best-on-click-backend\venv\Lib\site-packages\django\core\handlers\base.py", line 197, in _get_response
    response = wrapped_callback(request, *callback_args, **callback_kwargs)
  File "F:\django-best-on-click\best-on-click-backend\venv\Lib\site-packages\django\views\decorators\csrf.py", line 65, in _view_wrapper
    return view_func(request, *args, **kwargs)
  File "F:\django-best-on-click\best-on-click-backend\venv\Lib\site-packages\django\views\generic\base.py", line 105, in view
    return self.dispatch(request, *args, **kwargs)
           ~~~~~~~~~~~~~^^^^^^^^^^^^^^^^^^^^^^^^^^
  File "F:\django-best-on-click\best-on-click-backend\venv\Lib\site-packages\rest_framework\views.py", line 515, in dispatch
    response = self.handle_exception(exc)
  File "F:\django-best-on-click\best-on-click-backend\venv\Lib\site-packages\rest_framework\views.py", line 475, in handle_exception
    self.raise_uncaught_exception(exc)
    ~~~~~~~~~~~~~~~~~~~~~~~~~~~~~^^^^^
  File "F:\django-best-on-click\best-on-click-backend\venv\Lib\site-packages\rest_framework\views.py", line 486, in raise_uncaught_exception
    raise exc
  File "F:\django-best-on-click\best-on-click-backend\venv\Lib\site-packages\rest_framework\views.py", line 512, in dispatch
    response = handler(request, *args, **kwargs)
  File "F:\django-best-on-click\best-on-click-backend\venv\Lib\site-packages\rest_framework\generics.py", line 212, in get
    return self.retrieve(request, *args, **kwargs)
           ~~~~~~~~~~~~~^^^^^^^^^^^^^^^^^^^^^^^^^^
  File "F:\django-best-on-click\best-on-click-backend\venv\Lib\site-packages\rest_framework\mixins.py", line 56, in retrieve
    return Response(serializer.data)
                    ^^^^^^^^^^^^^^^
  File "F:\django-best-on-click\best-on-click-backend\venv\Lib\site-packages\rest_framework\serializers.py", line 573, in data
    ret = super().data
          ^^^^^^^^^^^^
  File "F:\django-best-on-click\best-on-click-backend\venv\Lib\site-packages\rest_framework\serializers.py", line 251, in data
    self._data = self.to_representation(self.instance)
                 ~~~~~~~~~~~~~~~~~~~~~~^^^^^^^^^^^^^^^
  File "F:\django-best-on-click\best-on-click-backend\venv\Lib\site-packages\rest_framework\serializers.py", line 540, in to_representation
    ret[field.field_name] = field.to_representation(attribute)
                            ~~~~~~~~~~~~~~~~~~~~~~~^^^^^^^^^^^
  File "F:\django-best-on-click\best-on-click-backend\venv\Lib\site-packages\rest_framework\serializers.py", line 713, in to_representation
    iterable = data.all() if isinstance(data, models.manager.BaseManager) else data
               ~~~~~~~~^^
  File "F:\django-best-on-click\best-on-click-backend\venv\Lib\site-packages\django\db\models\manager.py", line 164, in all
    return self.get_queryset()
           ~~~~~~~~~~~~~~~~~^^
  File "F:\django-best-on-click\best-on-click-backend\venv\Lib\site-packages\django\db\models\fields\related_descriptors.py", line 760, in get_queryset
    raise ValueError(
    ...<2 lines>...
    )
ValueError: 'Cart' instance needs to have a primary key value before this relationship can be used.
ERROR 2025-07-19 23:08:58,992 log 11612 704 Internal Server Error: /api/cart/
Traceback (most recent call last):
  File "F:\django-best-on-click\best-on-click-backend\venv\Lib\site-packages\django\core\handlers\exception.py", line 55, in inner
    response = get_response(request)
  File "F:\django-best-on-click\best-on-click-backend\venv\Lib\site-packages\django\core\handlers\base.py", line 197, in _get_response
    response = wrapped_callback(request, *callback_args, **callback_kwargs)
  File "F:\django-best-on-click\best-on-click-backend\venv\Lib\site-packages\django\views\decorators\csrf.py", line 65, in _view_wrapper
    return view_func(request, *args, **kwargs)
  File "F:\django-best-on-click\best-on-click-backend\venv\Lib\site-packages\django\views\generic\base.py", line 105, in view
    return self.dispatch(request, *args, **kwargs)
           ~~~~~~~~~~~~~^^^^^^^^^^^^^^^^^^^^^^^^^^
  File "F:\django-best-on-click\best-on-click-backend\venv\Lib\site-packages\rest_framework\views.py", line 515, in dispatch
    response = self.handle_exception(exc)
  File "F:\django-best-on-click\best-on-click-backend\venv\Lib\site-packages\rest_framework\views.py", line 475, in handle_exception
    self.raise_uncaught_exception(exc)
    ~~~~~~~~~~~~~~~~~~~~~~~~~~~~~^^^^^
  File "F:\django-best-on-click\best-on-click-backend\venv\Lib\site-packages\rest_framework\views.py", line 486, in raise_uncaught_exception
    raise exc
  File "F:\django-best-on-click\best-on-click-backend\venv\Lib\site-packages\rest_framework\views.py", line 512, in dispatch
    response = handler(request, *args, **kwargs)
  File "F:\django-best-on-click\best-on-click-backend\venv\Lib\site-packages\rest_framework\generics.py", line 212, in get
    return self.retrieve(request, *args, **kwargs)
           ~~~~~~~~~~~~~^^^^^^^^^^^^^^^^^^^^^^^^^^
  File "F:\django-best-on-click\best-on-click-backend\venv\Lib\site-packages\rest_framework\mixins.py", line 56, in retrieve
    return Response(serializer.data)
                    ^^^^^^^^^^^^^^^
  File "F:\django-best-on-click\best-on-click-backend\venv\Lib\site-packages\rest_framework\serializers.py", line 573, in data
    ret = super().data
          ^^^^^^^^^^^^
  File "F:\django-best-on-click\best-on-click-backend\venv\Lib\site-packages\rest_framework\serializers.py", line 251, in data
    self._data = self.to_representation(self.instance)
                 ~~~~~~~~~~~~~~~~~~~~~~^^^^^^^^^^^^^^^
  File "F:\django-best-on-click\best-on-click-backend\venv\Lib\site-packages\rest_framework\serializers.py", line 540, in to_representation
    ret[field.field_name] = field.to_representation(attribute)
                            ~~~~~~~~~~~~~~~~~~~~~~~^^^^^^^^^^^
  File "F:\django-best-on-click\best-on-click-backend\venv\Lib\site-packages\rest_framework\serializers.py", line 713, in to_representation
    iterable = data.all() if isinstance(data, models.manager.BaseManager) else data
               ~~~~~~~~^^
  File "F:\django-best-on-click\best-on-click-backend\venv\Lib\site-packages\django\db\models\manager.py", line 164, in all
    return self.get_queryset()
           ~~~~~~~~~~~~~~~~~^^
  File "F:\django-best-on-click\best-on-click-backend\venv\Lib\site-packages\django\db\models\fields\related_descriptors.py", line 760, in get_queryset
    raise ValueError(
    ...<2 lines>...
    )
ValueError: 'Cart' instance needs to have a primary key value before this relationship can be used.
ERROR 2025-07-19 23:10:29,931 log 11612 704 Internal Server Error: /api/cart/
Traceback (most recent call last):
  File "F:\django-best-on-click\best-on-click-backend\venv\Lib\site-packages\django\core\handlers\exception.py", line 55, in inner
    response = get_response(request)
  File "F:\django-best-on-click\best-on-click-backend\venv\Lib\site-packages\django\core\handlers\base.py", line 197, in _get_response
    response = wrapped_callback(request, *callback_args, **callback_kwargs)
  File "F:\django-best-on-click\best-on-click-backend\venv\Lib\site-packages\django\views\decorators\csrf.py", line 65, in _view_wrapper
    return view_func(request, *args, **kwargs)
  File "F:\django-best-on-click\best-on-click-backend\venv\Lib\site-packages\django\views\generic\base.py", line 105, in view
    return self.dispatch(request, *args, **kwargs)
           ~~~~~~~~~~~~~^^^^^^^^^^^^^^^^^^^^^^^^^^
  File "F:\django-best-on-click\best-on-click-backend\venv\Lib\site-packages\rest_framework\views.py", line 515, in dispatch
    response = self.handle_exception(exc)
  File "F:\django-best-on-click\best-on-click-backend\venv\Lib\site-packages\rest_framework\views.py", line 475, in handle_exception
    self.raise_uncaught_exception(exc)
    ~~~~~~~~~~~~~~~~~~~~~~~~~~~~~^^^^^
  File "F:\django-best-on-click\best-on-click-backend\venv\Lib\site-packages\rest_framework\views.py", line 486, in raise_uncaught_exception
    raise exc
  File "F:\django-best-on-click\best-on-click-backend\venv\Lib\site-packages\rest_framework\views.py", line 512, in dispatch
    response = handler(request, *args, **kwargs)
  File "F:\django-best-on-click\best-on-click-backend\venv\Lib\site-packages\rest_framework\generics.py", line 212, in get
    return self.retrieve(request, *args, **kwargs)
           ~~~~~~~~~~~~~^^^^^^^^^^^^^^^^^^^^^^^^^^
  File "F:\django-best-on-click\best-on-click-backend\venv\Lib\site-packages\rest_framework\mixins.py", line 56, in retrieve
    return Response(serializer.data)
                    ^^^^^^^^^^^^^^^
  File "F:\django-best-on-click\best-on-click-backend\venv\Lib\site-packages\rest_framework\serializers.py", line 573, in data
    ret = super().data
          ^^^^^^^^^^^^
  File "F:\django-best-on-click\best-on-click-backend\venv\Lib\site-packages\rest_framework\serializers.py", line 251, in data
    self._data = self.to_representation(self.instance)
                 ~~~~~~~~~~~~~~~~~~~~~~^^^^^^^^^^^^^^^
  File "F:\django-best-on-click\best-on-click-backend\venv\Lib\site-packages\rest_framework\serializers.py", line 540, in to_representation
    ret[field.field_name] = field.to_representation(attribute)
                            ~~~~~~~~~~~~~~~~~~~~~~~^^^^^^^^^^^
  File "F:\django-best-on-click\best-on-click-backend\venv\Lib\site-packages\rest_framework\serializers.py", line 713, in to_representation
    iterable = data.all() if isinstance(data, models.manager.BaseManager) else data
               ~~~~~~~~^^
  File "F:\django-best-on-click\best-on-click-backend\venv\Lib\site-packages\django\db\models\manager.py", line 164, in all
    return self.get_queryset()
           ~~~~~~~~~~~~~~~~~^^
  File "F:\django-best-on-click\best-on-click-backend\venv\Lib\site-packages\django\db\models\fields\related_descriptors.py", line 760, in get_queryset
    raise ValueError(
    ...<2 lines>...
    )
ValueError: 'Cart' instance needs to have a primary key value before this relationship can be used.
ERROR 2025-07-19 23:11:52,978 log 11612 704 Internal Server Error: /api/cart/
Traceback (most recent call last):
  File "F:\django-best-on-click\best-on-click-backend\venv\Lib\site-packages\django\core\handlers\exception.py", line 55, in inner
    response = get_response(request)
  File "F:\django-best-on-click\best-on-click-backend\venv\Lib\site-packages\django\core\handlers\base.py", line 197, in _get_response
    response = wrapped_callback(request, *callback_args, **callback_kwargs)
  File "F:\django-best-on-click\best-on-click-backend\venv\Lib\site-packages\django\views\decorators\csrf.py", line 65, in _view_wrapper
    return view_func(request, *args, **kwargs)
  File "F:\django-best-on-click\best-on-click-backend\venv\Lib\site-packages\django\views\generic\base.py", line 105, in view
    return self.dispatch(request, *args, **kwargs)
           ~~~~~~~~~~~~~^^^^^^^^^^^^^^^^^^^^^^^^^^
  File "F:\django-best-on-click\best-on-click-backend\venv\Lib\site-packages\rest_framework\views.py", line 515, in dispatch
    response = self.handle_exception(exc)
  File "F:\django-best-on-click\best-on-click-backend\venv\Lib\site-packages\rest_framework\views.py", line 475, in handle_exception
    self.raise_uncaught_exception(exc)
    ~~~~~~~~~~~~~~~~~~~~~~~~~~~~~^^^^^
  File "F:\django-best-on-click\best-on-click-backend\venv\Lib\site-packages\rest_framework\views.py", line 486, in raise_uncaught_exception
    raise exc
  File "F:\django-best-on-click\best-on-click-backend\venv\Lib\site-packages\rest_framework\views.py", line 512, in dispatch
    response = handler(request, *args, **kwargs)
  File "F:\django-best-on-click\best-on-click-backend\venv\Lib\site-packages\rest_framework\generics.py", line 212, in get
    return self.retrieve(request, *args, **kwargs)
           ~~~~~~~~~~~~~^^^^^^^^^^^^^^^^^^^^^^^^^^
  File "F:\django-best-on-click\best-on-click-backend\venv\Lib\site-packages\rest_framework\mixins.py", line 56, in retrieve
    return Response(serializer.data)
                    ^^^^^^^^^^^^^^^
  File "F:\django-best-on-click\best-on-click-backend\venv\Lib\site-packages\rest_framework\serializers.py", line 573, in data
    ret = super().data
          ^^^^^^^^^^^^
  File "F:\django-best-on-click\best-on-click-backend\venv\Lib\site-packages\rest_framework\serializers.py", line 251, in data
    self._data = self.to_representation(self.instance)
                 ~~~~~~~~~~~~~~~~~~~~~~^^^^^^^^^^^^^^^
  File "F:\django-best-on-click\best-on-click-backend\venv\Lib\site-packages\rest_framework\serializers.py", line 540, in to_representation
    ret[field.field_name] = field.to_representation(attribute)
                            ~~~~~~~~~~~~~~~~~~~~~~~^^^^^^^^^^^
  File "F:\django-best-on-click\best-on-click-backend\venv\Lib\site-packages\rest_framework\serializers.py", line 713, in to_representation
    iterable = data.all() if isinstance(data, models.manager.BaseManager) else data
               ~~~~~~~~^^
  File "F:\django-best-on-click\best-on-click-backend\venv\Lib\site-packages\django\db\models\manager.py", line 164, in all
    return self.get_queryset()
           ~~~~~~~~~~~~~~~~~^^
  File "F:\django-best-on-click\best-on-click-backend\venv\Lib\site-packages\django\db\models\fields\related_descriptors.py", line 760, in get_queryset
    raise ValueError(
    ...<2 lines>...
    )
ValueError: 'Cart' instance needs to have a primary key value before this relationship can be used.
ERROR 2025-07-19 23:14:06,443 log 11612 20232 Internal Server Error: /api/cart/
Traceback (most recent call last):
  File "F:\django-best-on-click\best-on-click-backend\venv\Lib\site-packages\django\core\handlers\exception.py", line 55, in inner
    response = get_response(request)
  File "F:\django-best-on-click\best-on-click-backend\venv\Lib\site-packages\django\core\handlers\base.py", line 197, in _get_response
    response = wrapped_callback(request, *callback_args, **callback_kwargs)
  File "F:\django-best-on-click\best-on-click-backend\venv\Lib\site-packages\django\views\decorators\csrf.py", line 65, in _view_wrapper
    return view_func(request, *args, **kwargs)
  File "F:\django-best-on-click\best-on-click-backend\venv\Lib\site-packages\django\views\generic\base.py", line 105, in view
    return self.dispatch(request, *args, **kwargs)
           ~~~~~~~~~~~~~^^^^^^^^^^^^^^^^^^^^^^^^^^
  File "F:\django-best-on-click\best-on-click-backend\venv\Lib\site-packages\rest_framework\views.py", line 515, in dispatch
    response = self.handle_exception(exc)
  File "F:\django-best-on-click\best-on-click-backend\venv\Lib\site-packages\rest_framework\views.py", line 475, in handle_exception
    self.raise_uncaught_exception(exc)
    ~~~~~~~~~~~~~~~~~~~~~~~~~~~~~^^^^^
  File "F:\django-best-on-click\best-on-click-backend\venv\Lib\site-packages\rest_framework\views.py", line 486, in raise_uncaught_exception
    raise exc
  File "F:\django-best-on-click\best-on-click-backend\venv\Lib\site-packages\rest_framework\views.py", line 512, in dispatch
    response = handler(request, *args, **kwargs)
  File "F:\django-best-on-click\best-on-click-backend\venv\Lib\site-packages\rest_framework\generics.py", line 212, in get
    return self.retrieve(request, *args, **kwargs)
           ~~~~~~~~~~~~~^^^^^^^^^^^^^^^^^^^^^^^^^^
  File "F:\django-best-on-click\best-on-click-backend\venv\Lib\site-packages\rest_framework\mixins.py", line 56, in retrieve
    return Response(serializer.data)
                    ^^^^^^^^^^^^^^^
  File "F:\django-best-on-click\best-on-click-backend\venv\Lib\site-packages\rest_framework\serializers.py", line 573, in data
    ret = super().data
          ^^^^^^^^^^^^
  File "F:\django-best-on-click\best-on-click-backend\venv\Lib\site-packages\rest_framework\serializers.py", line 251, in data
    self._data = self.to_representation(self.instance)
                 ~~~~~~~~~~~~~~~~~~~~~~^^^^^^^^^^^^^^^
  File "F:\django-best-on-click\best-on-click-backend\venv\Lib\site-packages\rest_framework\serializers.py", line 540, in to_representation
    ret[field.field_name] = field.to_representation(attribute)
                            ~~~~~~~~~~~~~~~~~~~~~~~^^^^^^^^^^^
  File "F:\django-best-on-click\best-on-click-backend\venv\Lib\site-packages\rest_framework\serializers.py", line 713, in to_representation
    iterable = data.all() if isinstance(data, models.manager.BaseManager) else data
               ~~~~~~~~^^
  File "F:\django-best-on-click\best-on-click-backend\venv\Lib\site-packages\django\db\models\manager.py", line 164, in all
    return self.get_queryset()
           ~~~~~~~~~~~~~~~~~^^
  File "F:\django-best-on-click\best-on-click-backend\venv\Lib\site-packages\django\db\models\fields\related_descriptors.py", line 760, in get_queryset
    raise ValueError(
    ...<2 lines>...
    )
ValueError: 'Cart' instance needs to have a primary key value before this relationship can be used.
ERROR 2025-07-19 23:14:32,264 log 11612 20232 Internal Server Error: /api/cart/
Traceback (most recent call last):
  File "F:\django-best-on-click\best-on-click-backend\venv\Lib\site-packages\django\core\handlers\exception.py", line 55, in inner
    response = get_response(request)
  File "F:\django-best-on-click\best-on-click-backend\venv\Lib\site-packages\django\core\handlers\base.py", line 197, in _get_response
    response = wrapped_callback(request, *callback_args, **callback_kwargs)
  File "F:\django-best-on-click\best-on-click-backend\venv\Lib\site-packages\django\views\decorators\csrf.py", line 65, in _view_wrapper
    return view_func(request, *args, **kwargs)
  File "F:\django-best-on-click\best-on-click-backend\venv\Lib\site-packages\django\views\generic\base.py", line 105, in view
    return self.dispatch(request, *args, **kwargs)
           ~~~~~~~~~~~~~^^^^^^^^^^^^^^^^^^^^^^^^^^
  File "F:\django-best-on-click\best-on-click-backend\venv\Lib\site-packages\rest_framework\views.py", line 515, in dispatch
    response = self.handle_exception(exc)
  File "F:\django-best-on-click\best-on-click-backend\venv\Lib\site-packages\rest_framework\views.py", line 475, in handle_exception
    self.raise_uncaught_exception(exc)
    ~~~~~~~~~~~~~~~~~~~~~~~~~~~~~^^^^^
  File "F:\django-best-on-click\best-on-click-backend\venv\Lib\site-packages\rest_framework\views.py", line 486, in raise_uncaught_exception
    raise exc
  File "F:\django-best-on-click\best-on-click-backend\venv\Lib\site-packages\rest_framework\views.py", line 512, in dispatch
    response = handler(request, *args, **kwargs)
  File "F:\django-best-on-click\best-on-click-backend\venv\Lib\site-packages\rest_framework\generics.py", line 212, in get
    return self.retrieve(request, *args, **kwargs)
           ~~~~~~~~~~~~~^^^^^^^^^^^^^^^^^^^^^^^^^^
  File "F:\django-best-on-click\best-on-click-backend\venv\Lib\site-packages\rest_framework\mixins.py", line 56, in retrieve
    return Response(serializer.data)
                    ^^^^^^^^^^^^^^^
  File "F:\django-best-on-click\best-on-click-backend\venv\Lib\site-packages\rest_framework\serializers.py", line 573, in data
    ret = super().data
          ^^^^^^^^^^^^
  File "F:\django-best-on-click\best-on-click-backend\venv\Lib\site-packages\rest_framework\serializers.py", line 251, in data
    self._data = self.to_representation(self.instance)
                 ~~~~~~~~~~~~~~~~~~~~~~^^^^^^^^^^^^^^^
  File "F:\django-best-on-click\best-on-click-backend\venv\Lib\site-packages\rest_framework\serializers.py", line 540, in to_representation
    ret[field.field_name] = field.to_representation(attribute)
                            ~~~~~~~~~~~~~~~~~~~~~~~^^^^^^^^^^^
  File "F:\django-best-on-click\best-on-click-backend\venv\Lib\site-packages\rest_framework\serializers.py", line 713, in to_representation
    iterable = data.all() if isinstance(data, models.manager.BaseManager) else data
               ~~~~~~~~^^
  File "F:\django-best-on-click\best-on-click-backend\venv\Lib\site-packages\django\db\models\manager.py", line 164, in all
    return self.get_queryset()
           ~~~~~~~~~~~~~~~~~^^
  File "F:\django-best-on-click\best-on-click-backend\venv\Lib\site-packages\django\db\models\fields\related_descriptors.py", line 760, in get_queryset
    raise ValueError(
    ...<2 lines>...
    )
ValueError: 'Cart' instance needs to have a primary key value before this relationship can be used.
ERROR 2025-07-19 23:15:30,619 log 11612 20232 Internal Server Error: /api/cart/
Traceback (most recent call last):
  File "F:\django-best-on-click\best-on-click-backend\venv\Lib\site-packages\django\core\handlers\exception.py", line 55, in inner
    response = get_response(request)
  File "F:\django-best-on-click\best-on-click-backend\venv\Lib\site-packages\django\core\handlers\base.py", line 197, in _get_response
    response = wrapped_callback(request, *callback_args, **callback_kwargs)
  File "F:\django-best-on-click\best-on-click-backend\venv\Lib\site-packages\django\views\decorators\csrf.py", line 65, in _view_wrapper
    return view_func(request, *args, **kwargs)
  File "F:\django-best-on-click\best-on-click-backend\venv\Lib\site-packages\django\views\generic\base.py", line 105, in view
    return self.dispatch(request, *args, **kwargs)
           ~~~~~~~~~~~~~^^^^^^^^^^^^^^^^^^^^^^^^^^
  File "F:\django-best-on-click\best-on-click-backend\venv\Lib\site-packages\rest_framework\views.py", line 515, in dispatch
    response = self.handle_exception(exc)
  File "F:\django-best-on-click\best-on-click-backend\venv\Lib\site-packages\rest_framework\views.py", line 475, in handle_exception
    self.raise_uncaught_exception(exc)
    ~~~~~~~~~~~~~~~~~~~~~~~~~~~~~^^^^^
  File "F:\django-best-on-click\best-on-click-backend\venv\Lib\site-packages\rest_framework\views.py", line 486, in raise_uncaught_exception
    raise exc
  File "F:\django-best-on-click\best-on-click-backend\venv\Lib\site-packages\rest_framework\views.py", line 512, in dispatch
    response = handler(request, *args, **kwargs)
  File "F:\django-best-on-click\best-on-click-backend\venv\Lib\site-packages\rest_framework\generics.py", line 212, in get
    return self.retrieve(request, *args, **kwargs)
           ~~~~~~~~~~~~~^^^^^^^^^^^^^^^^^^^^^^^^^^
  File "F:\django-best-on-click\best-on-click-backend\venv\Lib\site-packages\rest_framework\mixins.py", line 56, in retrieve
    return Response(serializer.data)
                    ^^^^^^^^^^^^^^^
  File "F:\django-best-on-click\best-on-click-backend\venv\Lib\site-packages\rest_framework\serializers.py", line 573, in data
    ret = super().data
          ^^^^^^^^^^^^
  File "F:\django-best-on-click\best-on-click-backend\venv\Lib\site-packages\rest_framework\serializers.py", line 251, in data
    self._data = self.to_representation(self.instance)
                 ~~~~~~~~~~~~~~~~~~~~~~^^^^^^^^^^^^^^^
  File "F:\django-best-on-click\best-on-click-backend\venv\Lib\site-packages\rest_framework\serializers.py", line 540, in to_representation
    ret[field.field_name] = field.to_representation(attribute)
                            ~~~~~~~~~~~~~~~~~~~~~~~^^^^^^^^^^^
  File "F:\django-best-on-click\best-on-click-backend\venv\Lib\site-packages\rest_framework\serializers.py", line 713, in to_representation
    iterable = data.all() if isinstance(data, models.manager.BaseManager) else data
               ~~~~~~~~^^
  File "F:\django-best-on-click\best-on-click-backend\venv\Lib\site-packages\django\db\models\manager.py", line 164, in all
    return self.get_queryset()
           ~~~~~~~~~~~~~~~~~^^
  File "F:\django-best-on-click\best-on-click-backend\venv\Lib\site-packages\django\db\models\fields\related_descriptors.py", line 760, in get_queryset
    raise ValueError(
    ...<2 lines>...
    )
ValueError: 'Cart' instance needs to have a primary key value before this relationship can be used.
INFO 2025-07-20 11:03:58,634 autoreload 4700 13816 Watching for file changes with StatReloader
ERROR 2025-07-20 11:07:24,062 log 4700 8448 Internal Server Error: /api/cart/
Traceback (most recent call last):
  File "F:\django-best-on-click\best-on-click-backend\venv\Lib\site-packages\django\core\handlers\exception.py", line 55, in inner
    response = get_response(request)
  File "F:\django-best-on-click\best-on-click-backend\venv\Lib\site-packages\django\core\handlers\base.py", line 197, in _get_response
    response = wrapped_callback(request, *callback_args, **callback_kwargs)
  File "F:\django-best-on-click\best-on-click-backend\venv\Lib\site-packages\django\views\decorators\csrf.py", line 65, in _view_wrapper
    return view_func(request, *args, **kwargs)
  File "F:\django-best-on-click\best-on-click-backend\venv\Lib\site-packages\django\views\generic\base.py", line 105, in view
    return self.dispatch(request, *args, **kwargs)
           ~~~~~~~~~~~~~^^^^^^^^^^^^^^^^^^^^^^^^^^
  File "F:\django-best-on-click\best-on-click-backend\venv\Lib\site-packages\rest_framework\views.py", line 515, in dispatch
    response = self.handle_exception(exc)
  File "F:\django-best-on-click\best-on-click-backend\venv\Lib\site-packages\rest_framework\views.py", line 475, in handle_exception
    self.raise_uncaught_exception(exc)
    ~~~~~~~~~~~~~~~~~~~~~~~~~~~~~^^^^^
  File "F:\django-best-on-click\best-on-click-backend\venv\Lib\site-packages\rest_framework\views.py", line 486, in raise_uncaught_exception
    raise exc
  File "F:\django-best-on-click\best-on-click-backend\venv\Lib\site-packages\rest_framework\views.py", line 512, in dispatch
    response = handler(request, *args, **kwargs)
  File "F:\django-best-on-click\best-on-click-backend\venv\Lib\site-packages\rest_framework\generics.py", line 212, in get
    return self.retrieve(request, *args, **kwargs)
           ~~~~~~~~~~~~~^^^^^^^^^^^^^^^^^^^^^^^^^^
  File "F:\django-best-on-click\best-on-click-backend\venv\Lib\site-packages\rest_framework\mixins.py", line 56, in retrieve
    return Response(serializer.data)
                    ^^^^^^^^^^^^^^^
  File "F:\django-best-on-click\best-on-click-backend\venv\Lib\site-packages\rest_framework\serializers.py", line 573, in data
    ret = super().data
          ^^^^^^^^^^^^
  File "F:\django-best-on-click\best-on-click-backend\venv\Lib\site-packages\rest_framework\serializers.py", line 251, in data
    self._data = self.to_representation(self.instance)
                 ~~~~~~~~~~~~~~~~~~~~~~^^^^^^^^^^^^^^^
  File "F:\django-best-on-click\best-on-click-backend\venv\Lib\site-packages\rest_framework\serializers.py", line 540, in to_representation
    ret[field.field_name] = field.to_representation(attribute)
                            ~~~~~~~~~~~~~~~~~~~~~~~^^^^^^^^^^^
  File "F:\django-best-on-click\best-on-click-backend\venv\Lib\site-packages\rest_framework\serializers.py", line 713, in to_representation
    iterable = data.all() if isinstance(data, models.manager.BaseManager) else data
               ~~~~~~~~^^
  File "F:\django-best-on-click\best-on-click-backend\venv\Lib\site-packages\django\db\models\manager.py", line 164, in all
    return self.get_queryset()
           ~~~~~~~~~~~~~~~~~^^
  File "F:\django-best-on-click\best-on-click-backend\venv\Lib\site-packages\django\db\models\fields\related_descriptors.py", line 760, in get_queryset
    raise ValueError(
    ...<2 lines>...
    )
ValueError: 'Cart' instance needs to have a primary key value before this relationship can be used.
ERROR 2025-07-20 11:08:05,041 log 4700 8448 Internal Server Error: /api/cart/
Traceback (most recent call last):
  File "F:\django-best-on-click\best-on-click-backend\venv\Lib\site-packages\django\core\handlers\exception.py", line 55, in inner
    response = get_response(request)
  File "F:\django-best-on-click\best-on-click-backend\venv\Lib\site-packages\django\core\handlers\base.py", line 197, in _get_response
    response = wrapped_callback(request, *callback_args, **callback_kwargs)
  File "F:\django-best-on-click\best-on-click-backend\venv\Lib\site-packages\django\views\decorators\csrf.py", line 65, in _view_wrapper
    return view_func(request, *args, **kwargs)
  File "F:\django-best-on-click\best-on-click-backend\venv\Lib\site-packages\django\views\generic\base.py", line 105, in view
    return self.dispatch(request, *args, **kwargs)
           ~~~~~~~~~~~~~^^^^^^^^^^^^^^^^^^^^^^^^^^
  File "F:\django-best-on-click\best-on-click-backend\venv\Lib\site-packages\rest_framework\views.py", line 515, in dispatch
    response = self.handle_exception(exc)
  File "F:\django-best-on-click\best-on-click-backend\venv\Lib\site-packages\rest_framework\views.py", line 475, in handle_exception
    self.raise_uncaught_exception(exc)
    ~~~~~~~~~~~~~~~~~~~~~~~~~~~~~^^^^^
  File "F:\django-best-on-click\best-on-click-backend\venv\Lib\site-packages\rest_framework\views.py", line 486, in raise_uncaught_exception
    raise exc
  File "F:\django-best-on-click\best-on-click-backend\venv\Lib\site-packages\rest_framework\views.py", line 512, in dispatch
    response = handler(request, *args, **kwargs)
  File "F:\django-best-on-click\best-on-click-backend\venv\Lib\site-packages\rest_framework\generics.py", line 212, in get
    return self.retrieve(request, *args, **kwargs)
           ~~~~~~~~~~~~~^^^^^^^^^^^^^^^^^^^^^^^^^^
  File "F:\django-best-on-click\best-on-click-backend\venv\Lib\site-packages\rest_framework\mixins.py", line 56, in retrieve
    return Response(serializer.data)
                    ^^^^^^^^^^^^^^^
  File "F:\django-best-on-click\best-on-click-backend\venv\Lib\site-packages\rest_framework\serializers.py", line 573, in data
    ret = super().data
          ^^^^^^^^^^^^
  File "F:\django-best-on-click\best-on-click-backend\venv\Lib\site-packages\rest_framework\serializers.py", line 251, in data
    self._data = self.to_representation(self.instance)
                 ~~~~~~~~~~~~~~~~~~~~~~^^^^^^^^^^^^^^^
  File "F:\django-best-on-click\best-on-click-backend\venv\Lib\site-packages\rest_framework\serializers.py", line 540, in to_representation
    ret[field.field_name] = field.to_representation(attribute)
                            ~~~~~~~~~~~~~~~~~~~~~~~^^^^^^^^^^^
  File "F:\django-best-on-click\best-on-click-backend\venv\Lib\site-packages\rest_framework\serializers.py", line 713, in to_representation
    iterable = data.all() if isinstance(data, models.manager.BaseManager) else data
               ~~~~~~~~^^
  File "F:\django-best-on-click\best-on-click-backend\venv\Lib\site-packages\django\db\models\manager.py", line 164, in all
    return self.get_queryset()
           ~~~~~~~~~~~~~~~~~^^
  File "F:\django-best-on-click\best-on-click-backend\venv\Lib\site-packages\django\db\models\fields\related_descriptors.py", line 760, in get_queryset
    raise ValueError(
    ...<2 lines>...
    )
ValueError: 'Cart' instance needs to have a primary key value before this relationship can be used.
ERROR 2025-07-20 11:11:49,323 log 4700 17472 Internal Server Error: /api/cart/
Traceback (most recent call last):
  File "F:\django-best-on-click\best-on-click-backend\venv\Lib\site-packages\django\core\handlers\exception.py", line 55, in inner
    response = get_response(request)
  File "F:\django-best-on-click\best-on-click-backend\venv\Lib\site-packages\django\core\handlers\base.py", line 197, in _get_response
    response = wrapped_callback(request, *callback_args, **callback_kwargs)
  File "F:\django-best-on-click\best-on-click-backend\venv\Lib\site-packages\django\views\decorators\csrf.py", line 65, in _view_wrapper
    return view_func(request, *args, **kwargs)
  File "F:\django-best-on-click\best-on-click-backend\venv\Lib\site-packages\django\views\generic\base.py", line 105, in view
    return self.dispatch(request, *args, **kwargs)
           ~~~~~~~~~~~~~^^^^^^^^^^^^^^^^^^^^^^^^^^
  File "F:\django-best-on-click\best-on-click-backend\venv\Lib\site-packages\rest_framework\views.py", line 515, in dispatch
    response = self.handle_exception(exc)
  File "F:\django-best-on-click\best-on-click-backend\venv\Lib\site-packages\rest_framework\views.py", line 475, in handle_exception
    self.raise_uncaught_exception(exc)
    ~~~~~~~~~~~~~~~~~~~~~~~~~~~~~^^^^^
  File "F:\django-best-on-click\best-on-click-backend\venv\Lib\site-packages\rest_framework\views.py", line 486, in raise_uncaught_exception
    raise exc
  File "F:\django-best-on-click\best-on-click-backend\venv\Lib\site-packages\rest_framework\views.py", line 512, in dispatch
    response = handler(request, *args, **kwargs)
  File "F:\django-best-on-click\best-on-click-backend\venv\Lib\site-packages\rest_framework\generics.py", line 212, in get
    return self.retrieve(request, *args, **kwargs)
           ~~~~~~~~~~~~~^^^^^^^^^^^^^^^^^^^^^^^^^^
  File "F:\django-best-on-click\best-on-click-backend\venv\Lib\site-packages\rest_framework\mixins.py", line 56, in retrieve
    return Response(serializer.data)
                    ^^^^^^^^^^^^^^^
  File "F:\django-best-on-click\best-on-click-backend\venv\Lib\site-packages\rest_framework\serializers.py", line 573, in data
    ret = super().data
          ^^^^^^^^^^^^
  File "F:\django-best-on-click\best-on-click-backend\venv\Lib\site-packages\rest_framework\serializers.py", line 251, in data
    self._data = self.to_representation(self.instance)
                 ~~~~~~~~~~~~~~~~~~~~~~^^^^^^^^^^^^^^^
  File "F:\django-best-on-click\best-on-click-backend\venv\Lib\site-packages\rest_framework\serializers.py", line 540, in to_representation
    ret[field.field_name] = field.to_representation(attribute)
                            ~~~~~~~~~~~~~~~~~~~~~~~^^^^^^^^^^^
  File "F:\django-best-on-click\best-on-click-backend\venv\Lib\site-packages\rest_framework\serializers.py", line 713, in to_representation
    iterable = data.all() if isinstance(data, models.manager.BaseManager) else data
               ~~~~~~~~^^
  File "F:\django-best-on-click\best-on-click-backend\venv\Lib\site-packages\django\db\models\manager.py", line 164, in all
    return self.get_queryset()
           ~~~~~~~~~~~~~~~~~^^
  File "F:\django-best-on-click\best-on-click-backend\venv\Lib\site-packages\django\db\models\fields\related_descriptors.py", line 760, in get_queryset
    raise ValueError(
    ...<2 lines>...
    )
ValueError: 'Cart' instance needs to have a primary key value before this relationship can be used.
WARNING 2025-07-20 11:21:30,410 log 4700 2952 Not Found: /
WARNING 2025-07-20 11:21:39,406 log 4700 3864 Not Found: /favicon.ico
WARNING 2025-07-20 11:27:02,234 log 4700 10508 Not Found: /favicon.ico
WARNING 2025-07-20 11:33:57,117 log 4700 18940 Not Found: /favicon.ico
WARNING 2025-07-20 12:07:50,009 log 4700 17948 Not Found: /swagger/
WARNING 2025-07-20 12:07:50,559 log 4700 1920 Not Found: /favicon.ico
WARNING 2025-07-20 12:08:15,767 log 4700 11564 Not Found: /favicon.ico
WARNING 2025-07-20 12:08:19,625 log 4700 17948 Not Found: /favicon.ico
WARNING 2025-07-20 12:10:08,688 log 4700 14644 Bad Request: /api/auth/login/
WARNING 2025-07-20 12:10:28,421 log 4700 14644 Bad Request: /api/auth/login/
INFO 2025-07-20 12:12:30,246 views 4700 14644 User logged in: store_owner
ERROR 2025-07-20 12:12:30,950 views 4700 18676 Error getting store analytics: No Store matches the given query.
ERROR 2025-07-20 12:12:30,981 views 4700 14644 Error generating AI insights: No Store matches the given query.
ERROR 2025-07-20 12:12:31,022 views 4700 8908 Error getting store analytics: No Store matches the given query.
ERROR 2025-07-20 12:12:31,012 log 4700 18676 Internal Server Error: /api/dashboard/stores/1/analytics/
ERROR 2025-07-20 12:12:31,101 views 4700 18248 Error getting store performance: No Store matches the given query.
ERROR 2025-07-20 12:12:31,095 log 4700 14644 Internal Server Error: /api/dashboard/stores/1/ai-insights/
ERROR 2025-07-20 12:12:31,250 log 4700 8908 Internal Server Error: /api/dashboard/stores/1/analytics/
WARNING 2025-07-20 12:12:31,283 log 4700 4816 Not Found: /api/dashboard/stores/1/products/
ERROR 2025-07-20 12:12:31,371 log 4700 18248 Internal Server Error: /api/dashboard/stores/1/performance/
ERROR 2025-07-20 12:12:50,540 views 4700 14644 Error getting store analytics: No Store matches the given query.
ERROR 2025-07-20 12:12:50,540 views 4700 4816 Error getting store performance: No Store matches the given query.
ERROR 2025-07-20 12:12:50,852 views 4700 8908 Error generating AI insights: No Store matches the given query.
ERROR 2025-07-20 12:12:50,858 views 4700 18676 Error getting store analytics: No Store matches the given query.
ERROR 2025-07-20 12:12:50,675 log 4700 14644 Internal Server Error: /api/dashboard/stores/1/analytics/
WARNING 2025-07-20 12:12:50,853 log 4700 18248 Not Found: /api/dashboard/stores/1/products/
ERROR 2025-07-20 12:12:50,889 log 4700 4816 Internal Server Error: /api/dashboard/stores/1/performance/
ERROR 2025-07-20 12:12:50,995 log 4700 8908 Internal Server Error: /api/dashboard/stores/1/ai-insights/
ERROR 2025-07-20 12:12:51,002 log 4700 18676 Internal Server Error: /api/dashboard/stores/1/analytics/
WARNING 2025-07-20 12:42:21,621 log 4700 11788 Unauthorized: /api/auth/profile/
ERROR 2025-07-20 12:42:23,505 log 4700 10952 Internal Server Error: /api/cart/
Traceback (most recent call last):
  File "F:\django-best-on-click\best-on-click-backend\venv\Lib\site-packages\django\core\handlers\exception.py", line 55, in inner
    response = get_response(request)
  File "F:\django-best-on-click\best-on-click-backend\venv\Lib\site-packages\django\core\handlers\base.py", line 197, in _get_response
    response = wrapped_callback(request, *callback_args, **callback_kwargs)
  File "F:\django-best-on-click\best-on-click-backend\venv\Lib\site-packages\django\views\decorators\csrf.py", line 65, in _view_wrapper
    return view_func(request, *args, **kwargs)
  File "F:\django-best-on-click\best-on-click-backend\venv\Lib\site-packages\django\views\generic\base.py", line 105, in view
    return self.dispatch(request, *args, **kwargs)
           ~~~~~~~~~~~~~^^^^^^^^^^^^^^^^^^^^^^^^^^
  File "F:\django-best-on-click\best-on-click-backend\venv\Lib\site-packages\rest_framework\views.py", line 515, in dispatch
    response = self.handle_exception(exc)
  File "F:\django-best-on-click\best-on-click-backend\venv\Lib\site-packages\rest_framework\views.py", line 475, in handle_exception
    self.raise_uncaught_exception(exc)
    ~~~~~~~~~~~~~~~~~~~~~~~~~~~~~^^^^^
  File "F:\django-best-on-click\best-on-click-backend\venv\Lib\site-packages\rest_framework\views.py", line 486, in raise_uncaught_exception
    raise exc
  File "F:\django-best-on-click\best-on-click-backend\venv\Lib\site-packages\rest_framework\views.py", line 512, in dispatch
    response = handler(request, *args, **kwargs)
  File "F:\django-best-on-click\best-on-click-backend\venv\Lib\site-packages\rest_framework\generics.py", line 212, in get
    return self.retrieve(request, *args, **kwargs)
           ~~~~~~~~~~~~~^^^^^^^^^^^^^^^^^^^^^^^^^^
  File "F:\django-best-on-click\best-on-click-backend\venv\Lib\site-packages\rest_framework\mixins.py", line 56, in retrieve
    return Response(serializer.data)
                    ^^^^^^^^^^^^^^^
  File "F:\django-best-on-click\best-on-click-backend\venv\Lib\site-packages\rest_framework\serializers.py", line 573, in data
    ret = super().data
          ^^^^^^^^^^^^
  File "F:\django-best-on-click\best-on-click-backend\venv\Lib\site-packages\rest_framework\serializers.py", line 251, in data
    self._data = self.to_representation(self.instance)
                 ~~~~~~~~~~~~~~~~~~~~~~^^^^^^^^^^^^^^^
  File "F:\django-best-on-click\best-on-click-backend\venv\Lib\site-packages\rest_framework\serializers.py", line 540, in to_representation
    ret[field.field_name] = field.to_representation(attribute)
                            ~~~~~~~~~~~~~~~~~~~~~~~^^^^^^^^^^^
  File "F:\django-best-on-click\best-on-click-backend\venv\Lib\site-packages\rest_framework\serializers.py", line 713, in to_representation
    iterable = data.all() if isinstance(data, models.manager.BaseManager) else data
               ~~~~~~~~^^
  File "F:\django-best-on-click\best-on-click-backend\venv\Lib\site-packages\django\db\models\manager.py", line 164, in all
    return self.get_queryset()
           ~~~~~~~~~~~~~~~~~^^
  File "F:\django-best-on-click\best-on-click-backend\venv\Lib\site-packages\django\db\models\fields\related_descriptors.py", line 760, in get_queryset
    raise ValueError(
    ...<2 lines>...
    )
ValueError: 'Cart' instance needs to have a primary key value before this relationship can be used.
ERROR 2025-07-20 12:42:32,946 log 4700 11788 Internal Server Error: /api/cart/
Traceback (most recent call last):
  File "F:\django-best-on-click\best-on-click-backend\venv\Lib\site-packages\django\core\handlers\exception.py", line 55, in inner
    response = get_response(request)
  File "F:\django-best-on-click\best-on-click-backend\venv\Lib\site-packages\django\core\handlers\base.py", line 197, in _get_response
    response = wrapped_callback(request, *callback_args, **callback_kwargs)
  File "F:\django-best-on-click\best-on-click-backend\venv\Lib\site-packages\django\views\decorators\csrf.py", line 65, in _view_wrapper
    return view_func(request, *args, **kwargs)
  File "F:\django-best-on-click\best-on-click-backend\venv\Lib\site-packages\django\views\generic\base.py", line 105, in view
    return self.dispatch(request, *args, **kwargs)
           ~~~~~~~~~~~~~^^^^^^^^^^^^^^^^^^^^^^^^^^
  File "F:\django-best-on-click\best-on-click-backend\venv\Lib\site-packages\rest_framework\views.py", line 515, in dispatch
    response = self.handle_exception(exc)
  File "F:\django-best-on-click\best-on-click-backend\venv\Lib\site-packages\rest_framework\views.py", line 475, in handle_exception
    self.raise_uncaught_exception(exc)
    ~~~~~~~~~~~~~~~~~~~~~~~~~~~~~^^^^^
  File "F:\django-best-on-click\best-on-click-backend\venv\Lib\site-packages\rest_framework\views.py", line 486, in raise_uncaught_exception
    raise exc
  File "F:\django-best-on-click\best-on-click-backend\venv\Lib\site-packages\rest_framework\views.py", line 512, in dispatch
    response = handler(request, *args, **kwargs)
  File "F:\django-best-on-click\best-on-click-backend\venv\Lib\site-packages\rest_framework\generics.py", line 212, in get
    return self.retrieve(request, *args, **kwargs)
           ~~~~~~~~~~~~~^^^^^^^^^^^^^^^^^^^^^^^^^^
  File "F:\django-best-on-click\best-on-click-backend\venv\Lib\site-packages\rest_framework\mixins.py", line 56, in retrieve
    return Response(serializer.data)
                    ^^^^^^^^^^^^^^^
  File "F:\django-best-on-click\best-on-click-backend\venv\Lib\site-packages\rest_framework\serializers.py", line 573, in data
    ret = super().data
          ^^^^^^^^^^^^
  File "F:\django-best-on-click\best-on-click-backend\venv\Lib\site-packages\rest_framework\serializers.py", line 251, in data
    self._data = self.to_representation(self.instance)
                 ~~~~~~~~~~~~~~~~~~~~~~^^^^^^^^^^^^^^^
  File "F:\django-best-on-click\best-on-click-backend\venv\Lib\site-packages\rest_framework\serializers.py", line 540, in to_representation
    ret[field.field_name] = field.to_representation(attribute)
                            ~~~~~~~~~~~~~~~~~~~~~~~^^^^^^^^^^^
  File "F:\django-best-on-click\best-on-click-backend\venv\Lib\site-packages\rest_framework\serializers.py", line 713, in to_representation
    iterable = data.all() if isinstance(data, models.manager.BaseManager) else data
               ~~~~~~~~^^
  File "F:\django-best-on-click\best-on-click-backend\venv\Lib\site-packages\django\db\models\manager.py", line 164, in all
    return self.get_queryset()
           ~~~~~~~~~~~~~~~~~^^
  File "F:\django-best-on-click\best-on-click-backend\venv\Lib\site-packages\django\db\models\fields\related_descriptors.py", line 760, in get_queryset
    raise ValueError(
    ...<2 lines>...
    )
ValueError: 'Cart' instance needs to have a primary key value before this relationship can be used.
ERROR 2025-07-20 12:46:18,426 log 4700 5744 Internal Server Error: /api/cart/
Traceback (most recent call last):
  File "F:\django-best-on-click\best-on-click-backend\venv\Lib\site-packages\django\core\handlers\exception.py", line 55, in inner
    response = get_response(request)
  File "F:\django-best-on-click\best-on-click-backend\venv\Lib\site-packages\django\core\handlers\base.py", line 197, in _get_response
    response = wrapped_callback(request, *callback_args, **callback_kwargs)
  File "F:\django-best-on-click\best-on-click-backend\venv\Lib\site-packages\django\views\decorators\csrf.py", line 65, in _view_wrapper
    return view_func(request, *args, **kwargs)
  File "F:\django-best-on-click\best-on-click-backend\venv\Lib\site-packages\django\views\generic\base.py", line 105, in view
    return self.dispatch(request, *args, **kwargs)
           ~~~~~~~~~~~~~^^^^^^^^^^^^^^^^^^^^^^^^^^
  File "F:\django-best-on-click\best-on-click-backend\venv\Lib\site-packages\rest_framework\views.py", line 515, in dispatch
    response = self.handle_exception(exc)
  File "F:\django-best-on-click\best-on-click-backend\venv\Lib\site-packages\rest_framework\views.py", line 475, in handle_exception
    self.raise_uncaught_exception(exc)
    ~~~~~~~~~~~~~~~~~~~~~~~~~~~~~^^^^^
  File "F:\django-best-on-click\best-on-click-backend\venv\Lib\site-packages\rest_framework\views.py", line 486, in raise_uncaught_exception
    raise exc
  File "F:\django-best-on-click\best-on-click-backend\venv\Lib\site-packages\rest_framework\views.py", line 512, in dispatch
    response = handler(request, *args, **kwargs)
  File "F:\django-best-on-click\best-on-click-backend\venv\Lib\site-packages\rest_framework\generics.py", line 212, in get
    return self.retrieve(request, *args, **kwargs)
           ~~~~~~~~~~~~~^^^^^^^^^^^^^^^^^^^^^^^^^^
  File "F:\django-best-on-click\best-on-click-backend\venv\Lib\site-packages\rest_framework\mixins.py", line 56, in retrieve
    return Response(serializer.data)
                    ^^^^^^^^^^^^^^^
  File "F:\django-best-on-click\best-on-click-backend\venv\Lib\site-packages\rest_framework\serializers.py", line 573, in data
    ret = super().data
          ^^^^^^^^^^^^
  File "F:\django-best-on-click\best-on-click-backend\venv\Lib\site-packages\rest_framework\serializers.py", line 251, in data
    self._data = self.to_representation(self.instance)
                 ~~~~~~~~~~~~~~~~~~~~~~^^^^^^^^^^^^^^^
  File "F:\django-best-on-click\best-on-click-backend\venv\Lib\site-packages\rest_framework\serializers.py", line 540, in to_representation
    ret[field.field_name] = field.to_representation(attribute)
                            ~~~~~~~~~~~~~~~~~~~~~~~^^^^^^^^^^^
  File "F:\django-best-on-click\best-on-click-backend\venv\Lib\site-packages\rest_framework\serializers.py", line 713, in to_representation
    iterable = data.all() if isinstance(data, models.manager.BaseManager) else data
               ~~~~~~~~^^
  File "F:\django-best-on-click\best-on-click-backend\venv\Lib\site-packages\django\db\models\manager.py", line 164, in all
    return self.get_queryset()
           ~~~~~~~~~~~~~~~~~^^
  File "F:\django-best-on-click\best-on-click-backend\venv\Lib\site-packages\django\db\models\fields\related_descriptors.py", line 760, in get_queryset
    raise ValueError(
    ...<2 lines>...
    )
ValueError: 'Cart' instance needs to have a primary key value before this relationship can be used.
ERROR 2025-07-20 12:49:08,021 log 4700 11516 Internal Server Error: /api/cart/
Traceback (most recent call last):
  File "F:\django-best-on-click\best-on-click-backend\venv\Lib\site-packages\django\core\handlers\exception.py", line 55, in inner
    response = get_response(request)
  File "F:\django-best-on-click\best-on-click-backend\venv\Lib\site-packages\django\core\handlers\base.py", line 197, in _get_response
    response = wrapped_callback(request, *callback_args, **callback_kwargs)
  File "F:\django-best-on-click\best-on-click-backend\venv\Lib\site-packages\django\views\decorators\csrf.py", line 65, in _view_wrapper
    return view_func(request, *args, **kwargs)
  File "F:\django-best-on-click\best-on-click-backend\venv\Lib\site-packages\django\views\generic\base.py", line 105, in view
    return self.dispatch(request, *args, **kwargs)
           ~~~~~~~~~~~~~^^^^^^^^^^^^^^^^^^^^^^^^^^
  File "F:\django-best-on-click\best-on-click-backend\venv\Lib\site-packages\rest_framework\views.py", line 515, in dispatch
    response = self.handle_exception(exc)
  File "F:\django-best-on-click\best-on-click-backend\venv\Lib\site-packages\rest_framework\views.py", line 475, in handle_exception
    self.raise_uncaught_exception(exc)
    ~~~~~~~~~~~~~~~~~~~~~~~~~~~~~^^^^^
  File "F:\django-best-on-click\best-on-click-backend\venv\Lib\site-packages\rest_framework\views.py", line 486, in raise_uncaught_exception
    raise exc
  File "F:\django-best-on-click\best-on-click-backend\venv\Lib\site-packages\rest_framework\views.py", line 512, in dispatch
    response = handler(request, *args, **kwargs)
  File "F:\django-best-on-click\best-on-click-backend\venv\Lib\site-packages\rest_framework\generics.py", line 212, in get
    return self.retrieve(request, *args, **kwargs)
           ~~~~~~~~~~~~~^^^^^^^^^^^^^^^^^^^^^^^^^^
  File "F:\django-best-on-click\best-on-click-backend\venv\Lib\site-packages\rest_framework\mixins.py", line 56, in retrieve
    return Response(serializer.data)
                    ^^^^^^^^^^^^^^^
  File "F:\django-best-on-click\best-on-click-backend\venv\Lib\site-packages\rest_framework\serializers.py", line 573, in data
    ret = super().data
          ^^^^^^^^^^^^
  File "F:\django-best-on-click\best-on-click-backend\venv\Lib\site-packages\rest_framework\serializers.py", line 251, in data
    self._data = self.to_representation(self.instance)
                 ~~~~~~~~~~~~~~~~~~~~~~^^^^^^^^^^^^^^^
  File "F:\django-best-on-click\best-on-click-backend\venv\Lib\site-packages\rest_framework\serializers.py", line 540, in to_representation
    ret[field.field_name] = field.to_representation(attribute)
                            ~~~~~~~~~~~~~~~~~~~~~~~^^^^^^^^^^^
  File "F:\django-best-on-click\best-on-click-backend\venv\Lib\site-packages\rest_framework\serializers.py", line 713, in to_representation
    iterable = data.all() if isinstance(data, models.manager.BaseManager) else data
               ~~~~~~~~^^
  File "F:\django-best-on-click\best-on-click-backend\venv\Lib\site-packages\django\db\models\manager.py", line 164, in all
    return self.get_queryset()
           ~~~~~~~~~~~~~~~~~^^
  File "F:\django-best-on-click\best-on-click-backend\venv\Lib\site-packages\django\db\models\fields\related_descriptors.py", line 760, in get_queryset
    raise ValueError(
    ...<2 lines>...
    )
ValueError: 'Cart' instance needs to have a primary key value before this relationship can be used.
ERROR 2025-07-20 12:49:32,715 log 4700 11516 Internal Server Error: /api/cart/
Traceback (most recent call last):
  File "F:\django-best-on-click\best-on-click-backend\venv\Lib\site-packages\django\core\handlers\exception.py", line 55, in inner
    response = get_response(request)
  File "F:\django-best-on-click\best-on-click-backend\venv\Lib\site-packages\django\core\handlers\base.py", line 197, in _get_response
    response = wrapped_callback(request, *callback_args, **callback_kwargs)
  File "F:\django-best-on-click\best-on-click-backend\venv\Lib\site-packages\django\views\decorators\csrf.py", line 65, in _view_wrapper
    return view_func(request, *args, **kwargs)
  File "F:\django-best-on-click\best-on-click-backend\venv\Lib\site-packages\django\views\generic\base.py", line 105, in view
    return self.dispatch(request, *args, **kwargs)
           ~~~~~~~~~~~~~^^^^^^^^^^^^^^^^^^^^^^^^^^
  File "F:\django-best-on-click\best-on-click-backend\venv\Lib\site-packages\rest_framework\views.py", line 515, in dispatch
    response = self.handle_exception(exc)
  File "F:\django-best-on-click\best-on-click-backend\venv\Lib\site-packages\rest_framework\views.py", line 475, in handle_exception
    self.raise_uncaught_exception(exc)
    ~~~~~~~~~~~~~~~~~~~~~~~~~~~~~^^^^^
  File "F:\django-best-on-click\best-on-click-backend\venv\Lib\site-packages\rest_framework\views.py", line 486, in raise_uncaught_exception
    raise exc
  File "F:\django-best-on-click\best-on-click-backend\venv\Lib\site-packages\rest_framework\views.py", line 512, in dispatch
    response = handler(request, *args, **kwargs)
  File "F:\django-best-on-click\best-on-click-backend\venv\Lib\site-packages\rest_framework\generics.py", line 212, in get
    return self.retrieve(request, *args, **kwargs)
           ~~~~~~~~~~~~~^^^^^^^^^^^^^^^^^^^^^^^^^^
  File "F:\django-best-on-click\best-on-click-backend\venv\Lib\site-packages\rest_framework\mixins.py", line 56, in retrieve
    return Response(serializer.data)
                    ^^^^^^^^^^^^^^^
  File "F:\django-best-on-click\best-on-click-backend\venv\Lib\site-packages\rest_framework\serializers.py", line 573, in data
    ret = super().data
          ^^^^^^^^^^^^
  File "F:\django-best-on-click\best-on-click-backend\venv\Lib\site-packages\rest_framework\serializers.py", line 251, in data
    self._data = self.to_representation(self.instance)
                 ~~~~~~~~~~~~~~~~~~~~~~^^^^^^^^^^^^^^^
  File "F:\django-best-on-click\best-on-click-backend\venv\Lib\site-packages\rest_framework\serializers.py", line 540, in to_representation
    ret[field.field_name] = field.to_representation(attribute)
                            ~~~~~~~~~~~~~~~~~~~~~~~^^^^^^^^^^^
  File "F:\django-best-on-click\best-on-click-backend\venv\Lib\site-packages\rest_framework\serializers.py", line 713, in to_representation
    iterable = data.all() if isinstance(data, models.manager.BaseManager) else data
               ~~~~~~~~^^
  File "F:\django-best-on-click\best-on-click-backend\venv\Lib\site-packages\django\db\models\manager.py", line 164, in all
    return self.get_queryset()
           ~~~~~~~~~~~~~~~~~^^
  File "F:\django-best-on-click\best-on-click-backend\venv\Lib\site-packages\django\db\models\fields\related_descriptors.py", line 760, in get_queryset
    raise ValueError(
    ...<2 lines>...
    )
ValueError: 'Cart' instance needs to have a primary key value before this relationship can be used.
ERROR 2025-07-20 12:58:21,061 log 4700 10540 Internal Server Error: /api/cart/
Traceback (most recent call last):
  File "F:\django-best-on-click\best-on-click-backend\venv\Lib\site-packages\django\core\handlers\exception.py", line 55, in inner
    response = get_response(request)
  File "F:\django-best-on-click\best-on-click-backend\venv\Lib\site-packages\django\core\handlers\base.py", line 197, in _get_response
    response = wrapped_callback(request, *callback_args, **callback_kwargs)
  File "F:\django-best-on-click\best-on-click-backend\venv\Lib\site-packages\django\views\decorators\csrf.py", line 65, in _view_wrapper
    return view_func(request, *args, **kwargs)
  File "F:\django-best-on-click\best-on-click-backend\venv\Lib\site-packages\django\views\generic\base.py", line 105, in view
    return self.dispatch(request, *args, **kwargs)
           ~~~~~~~~~~~~~^^^^^^^^^^^^^^^^^^^^^^^^^^
  File "F:\django-best-on-click\best-on-click-backend\venv\Lib\site-packages\rest_framework\views.py", line 515, in dispatch
    response = self.handle_exception(exc)
  File "F:\django-best-on-click\best-on-click-backend\venv\Lib\site-packages\rest_framework\views.py", line 475, in handle_exception
    self.raise_uncaught_exception(exc)
    ~~~~~~~~~~~~~~~~~~~~~~~~~~~~~^^^^^
  File "F:\django-best-on-click\best-on-click-backend\venv\Lib\site-packages\rest_framework\views.py", line 486, in raise_uncaught_exception
    raise exc
  File "F:\django-best-on-click\best-on-click-backend\venv\Lib\site-packages\rest_framework\views.py", line 512, in dispatch
    response = handler(request, *args, **kwargs)
  File "F:\django-best-on-click\best-on-click-backend\venv\Lib\site-packages\rest_framework\generics.py", line 212, in get
    return self.retrieve(request, *args, **kwargs)
           ~~~~~~~~~~~~~^^^^^^^^^^^^^^^^^^^^^^^^^^
  File "F:\django-best-on-click\best-on-click-backend\venv\Lib\site-packages\rest_framework\mixins.py", line 56, in retrieve
    return Response(serializer.data)
                    ^^^^^^^^^^^^^^^
  File "F:\django-best-on-click\best-on-click-backend\venv\Lib\site-packages\rest_framework\serializers.py", line 573, in data
    ret = super().data
          ^^^^^^^^^^^^
  File "F:\django-best-on-click\best-on-click-backend\venv\Lib\site-packages\rest_framework\serializers.py", line 251, in data
    self._data = self.to_representation(self.instance)
                 ~~~~~~~~~~~~~~~~~~~~~~^^^^^^^^^^^^^^^
  File "F:\django-best-on-click\best-on-click-backend\venv\Lib\site-packages\rest_framework\serializers.py", line 540, in to_representation
    ret[field.field_name] = field.to_representation(attribute)
                            ~~~~~~~~~~~~~~~~~~~~~~~^^^^^^^^^^^
  File "F:\django-best-on-click\best-on-click-backend\venv\Lib\site-packages\rest_framework\serializers.py", line 713, in to_representation
    iterable = data.all() if isinstance(data, models.manager.BaseManager) else data
               ~~~~~~~~^^
  File "F:\django-best-on-click\best-on-click-backend\venv\Lib\site-packages\django\db\models\manager.py", line 164, in all
    return self.get_queryset()
           ~~~~~~~~~~~~~~~~~^^
  File "F:\django-best-on-click\best-on-click-backend\venv\Lib\site-packages\django\db\models\fields\related_descriptors.py", line 760, in get_queryset
    raise ValueError(
    ...<2 lines>...
    )
ValueError: 'Cart' instance needs to have a primary key value before this relationship can be used.
ERROR 2025-07-20 12:59:45,408 log 4700 10540 Internal Server Error: /api/cart/
Traceback (most recent call last):
  File "F:\django-best-on-click\best-on-click-backend\venv\Lib\site-packages\django\core\handlers\exception.py", line 55, in inner
    response = get_response(request)
  File "F:\django-best-on-click\best-on-click-backend\venv\Lib\site-packages\django\core\handlers\base.py", line 197, in _get_response
    response = wrapped_callback(request, *callback_args, **callback_kwargs)
  File "F:\django-best-on-click\best-on-click-backend\venv\Lib\site-packages\django\views\decorators\csrf.py", line 65, in _view_wrapper
    return view_func(request, *args, **kwargs)
  File "F:\django-best-on-click\best-on-click-backend\venv\Lib\site-packages\django\views\generic\base.py", line 105, in view
    return self.dispatch(request, *args, **kwargs)
           ~~~~~~~~~~~~~^^^^^^^^^^^^^^^^^^^^^^^^^^
  File "F:\django-best-on-click\best-on-click-backend\venv\Lib\site-packages\rest_framework\views.py", line 515, in dispatch
    response = self.handle_exception(exc)
  File "F:\django-best-on-click\best-on-click-backend\venv\Lib\site-packages\rest_framework\views.py", line 475, in handle_exception
    self.raise_uncaught_exception(exc)
    ~~~~~~~~~~~~~~~~~~~~~~~~~~~~~^^^^^
  File "F:\django-best-on-click\best-on-click-backend\venv\Lib\site-packages\rest_framework\views.py", line 486, in raise_uncaught_exception
    raise exc
  File "F:\django-best-on-click\best-on-click-backend\venv\Lib\site-packages\rest_framework\views.py", line 512, in dispatch
    response = handler(request, *args, **kwargs)
  File "F:\django-best-on-click\best-on-click-backend\venv\Lib\site-packages\rest_framework\generics.py", line 212, in get
    return self.retrieve(request, *args, **kwargs)
           ~~~~~~~~~~~~~^^^^^^^^^^^^^^^^^^^^^^^^^^
  File "F:\django-best-on-click\best-on-click-backend\venv\Lib\site-packages\rest_framework\mixins.py", line 56, in retrieve
    return Response(serializer.data)
                    ^^^^^^^^^^^^^^^
  File "F:\django-best-on-click\best-on-click-backend\venv\Lib\site-packages\rest_framework\serializers.py", line 573, in data
    ret = super().data
          ^^^^^^^^^^^^
  File "F:\django-best-on-click\best-on-click-backend\venv\Lib\site-packages\rest_framework\serializers.py", line 251, in data
    self._data = self.to_representation(self.instance)
                 ~~~~~~~~~~~~~~~~~~~~~~^^^^^^^^^^^^^^^
  File "F:\django-best-on-click\best-on-click-backend\venv\Lib\site-packages\rest_framework\serializers.py", line 540, in to_representation
    ret[field.field_name] = field.to_representation(attribute)
                            ~~~~~~~~~~~~~~~~~~~~~~~^^^^^^^^^^^
  File "F:\django-best-on-click\best-on-click-backend\venv\Lib\site-packages\rest_framework\serializers.py", line 713, in to_representation
    iterable = data.all() if isinstance(data, models.manager.BaseManager) else data
               ~~~~~~~~^^
  File "F:\django-best-on-click\best-on-click-backend\venv\Lib\site-packages\django\db\models\manager.py", line 164, in all
    return self.get_queryset()
           ~~~~~~~~~~~~~~~~~^^
  File "F:\django-best-on-click\best-on-click-backend\venv\Lib\site-packages\django\db\models\fields\related_descriptors.py", line 760, in get_queryset
    raise ValueError(
    ...<2 lines>...
    )
ValueError: 'Cart' instance needs to have a primary key value before this relationship can be used.
ERROR 2025-07-20 13:05:09,849 log 4700 15352 Internal Server Error: /api/cart/
Traceback (most recent call last):
  File "F:\django-best-on-click\best-on-click-backend\venv\Lib\site-packages\django\core\handlers\exception.py", line 55, in inner
    response = get_response(request)
  File "F:\django-best-on-click\best-on-click-backend\venv\Lib\site-packages\django\core\handlers\base.py", line 197, in _get_response
    response = wrapped_callback(request, *callback_args, **callback_kwargs)
  File "F:\django-best-on-click\best-on-click-backend\venv\Lib\site-packages\django\views\decorators\csrf.py", line 65, in _view_wrapper
    return view_func(request, *args, **kwargs)
  File "F:\django-best-on-click\best-on-click-backend\venv\Lib\site-packages\django\views\generic\base.py", line 105, in view
    return self.dispatch(request, *args, **kwargs)
           ~~~~~~~~~~~~~^^^^^^^^^^^^^^^^^^^^^^^^^^
  File "F:\django-best-on-click\best-on-click-backend\venv\Lib\site-packages\rest_framework\views.py", line 515, in dispatch
    response = self.handle_exception(exc)
  File "F:\django-best-on-click\best-on-click-backend\venv\Lib\site-packages\rest_framework\views.py", line 475, in handle_exception
    self.raise_uncaught_exception(exc)
    ~~~~~~~~~~~~~~~~~~~~~~~~~~~~~^^^^^
  File "F:\django-best-on-click\best-on-click-backend\venv\Lib\site-packages\rest_framework\views.py", line 486, in raise_uncaught_exception
    raise exc
  File "F:\django-best-on-click\best-on-click-backend\venv\Lib\site-packages\rest_framework\views.py", line 512, in dispatch
    response = handler(request, *args, **kwargs)
  File "F:\django-best-on-click\best-on-click-backend\venv\Lib\site-packages\rest_framework\generics.py", line 212, in get
    return self.retrieve(request, *args, **kwargs)
           ~~~~~~~~~~~~~^^^^^^^^^^^^^^^^^^^^^^^^^^
  File "F:\django-best-on-click\best-on-click-backend\venv\Lib\site-packages\rest_framework\mixins.py", line 56, in retrieve
    return Response(serializer.data)
                    ^^^^^^^^^^^^^^^
  File "F:\django-best-on-click\best-on-click-backend\venv\Lib\site-packages\rest_framework\serializers.py", line 573, in data
    ret = super().data
          ^^^^^^^^^^^^
  File "F:\django-best-on-click\best-on-click-backend\venv\Lib\site-packages\rest_framework\serializers.py", line 251, in data
    self._data = self.to_representation(self.instance)
                 ~~~~~~~~~~~~~~~~~~~~~~^^^^^^^^^^^^^^^
  File "F:\django-best-on-click\best-on-click-backend\venv\Lib\site-packages\rest_framework\serializers.py", line 540, in to_representation
    ret[field.field_name] = field.to_representation(attribute)
                            ~~~~~~~~~~~~~~~~~~~~~~~^^^^^^^^^^^
  File "F:\django-best-on-click\best-on-click-backend\venv\Lib\site-packages\rest_framework\serializers.py", line 713, in to_representation
    iterable = data.all() if isinstance(data, models.manager.BaseManager) else data
               ~~~~~~~~^^
  File "F:\django-best-on-click\best-on-click-backend\venv\Lib\site-packages\django\db\models\manager.py", line 164, in all
    return self.get_queryset()
           ~~~~~~~~~~~~~~~~~^^
  File "F:\django-best-on-click\best-on-click-backend\venv\Lib\site-packages\django\db\models\fields\related_descriptors.py", line 760, in get_queryset
    raise ValueError(
    ...<2 lines>...
    )
ValueError: 'Cart' instance needs to have a primary key value before this relationship can be used.
ERROR 2025-07-20 13:18:06,481 log 4700 9000 Internal Server Error: /api/cart/
Traceback (most recent call last):
  File "F:\django-best-on-click\best-on-click-backend\venv\Lib\site-packages\django\core\handlers\exception.py", line 55, in inner
    response = get_response(request)
  File "F:\django-best-on-click\best-on-click-backend\venv\Lib\site-packages\django\core\handlers\base.py", line 197, in _get_response
    response = wrapped_callback(request, *callback_args, **callback_kwargs)
  File "F:\django-best-on-click\best-on-click-backend\venv\Lib\site-packages\django\views\decorators\csrf.py", line 65, in _view_wrapper
    return view_func(request, *args, **kwargs)
  File "F:\django-best-on-click\best-on-click-backend\venv\Lib\site-packages\django\views\generic\base.py", line 105, in view
    return self.dispatch(request, *args, **kwargs)
           ~~~~~~~~~~~~~^^^^^^^^^^^^^^^^^^^^^^^^^^
  File "F:\django-best-on-click\best-on-click-backend\venv\Lib\site-packages\rest_framework\views.py", line 515, in dispatch
    response = self.handle_exception(exc)
  File "F:\django-best-on-click\best-on-click-backend\venv\Lib\site-packages\rest_framework\views.py", line 475, in handle_exception
    self.raise_uncaught_exception(exc)
    ~~~~~~~~~~~~~~~~~~~~~~~~~~~~~^^^^^
  File "F:\django-best-on-click\best-on-click-backend\venv\Lib\site-packages\rest_framework\views.py", line 486, in raise_uncaught_exception
    raise exc
  File "F:\django-best-on-click\best-on-click-backend\venv\Lib\site-packages\rest_framework\views.py", line 512, in dispatch
    response = handler(request, *args, **kwargs)
  File "F:\django-best-on-click\best-on-click-backend\venv\Lib\site-packages\rest_framework\generics.py", line 212, in get
    return self.retrieve(request, *args, **kwargs)
           ~~~~~~~~~~~~~^^^^^^^^^^^^^^^^^^^^^^^^^^
  File "F:\django-best-on-click\best-on-click-backend\venv\Lib\site-packages\rest_framework\mixins.py", line 56, in retrieve
    return Response(serializer.data)
                    ^^^^^^^^^^^^^^^
  File "F:\django-best-on-click\best-on-click-backend\venv\Lib\site-packages\rest_framework\serializers.py", line 573, in data
    ret = super().data
          ^^^^^^^^^^^^
  File "F:\django-best-on-click\best-on-click-backend\venv\Lib\site-packages\rest_framework\serializers.py", line 251, in data
    self._data = self.to_representation(self.instance)
                 ~~~~~~~~~~~~~~~~~~~~~~^^^^^^^^^^^^^^^
  File "F:\django-best-on-click\best-on-click-backend\venv\Lib\site-packages\rest_framework\serializers.py", line 540, in to_representation
    ret[field.field_name] = field.to_representation(attribute)
                            ~~~~~~~~~~~~~~~~~~~~~~~^^^^^^^^^^^
  File "F:\django-best-on-click\best-on-click-backend\venv\Lib\site-packages\rest_framework\serializers.py", line 713, in to_representation
    iterable = data.all() if isinstance(data, models.manager.BaseManager) else data
               ~~~~~~~~^^
  File "F:\django-best-on-click\best-on-click-backend\venv\Lib\site-packages\django\db\models\manager.py", line 164, in all
    return self.get_queryset()
           ~~~~~~~~~~~~~~~~~^^
  File "F:\django-best-on-click\best-on-click-backend\venv\Lib\site-packages\django\db\models\fields\related_descriptors.py", line 760, in get_queryset
    raise ValueError(
    ...<2 lines>...
    )
ValueError: 'Cart' instance needs to have a primary key value before this relationship can be used.
ERROR 2025-07-20 13:28:15,224 log 4700 18604 Internal Server Error: /api/cart/
Traceback (most recent call last):
  File "F:\django-best-on-click\best-on-click-backend\venv\Lib\site-packages\django\core\handlers\exception.py", line 55, in inner
    response = get_response(request)
  File "F:\django-best-on-click\best-on-click-backend\venv\Lib\site-packages\django\core\handlers\base.py", line 197, in _get_response
    response = wrapped_callback(request, *callback_args, **callback_kwargs)
  File "F:\django-best-on-click\best-on-click-backend\venv\Lib\site-packages\django\views\decorators\csrf.py", line 65, in _view_wrapper
    return view_func(request, *args, **kwargs)
  File "F:\django-best-on-click\best-on-click-backend\venv\Lib\site-packages\django\views\generic\base.py", line 105, in view
    return self.dispatch(request, *args, **kwargs)
           ~~~~~~~~~~~~~^^^^^^^^^^^^^^^^^^^^^^^^^^
  File "F:\django-best-on-click\best-on-click-backend\venv\Lib\site-packages\rest_framework\views.py", line 515, in dispatch
    response = self.handle_exception(exc)
  File "F:\django-best-on-click\best-on-click-backend\venv\Lib\site-packages\rest_framework\views.py", line 475, in handle_exception
    self.raise_uncaught_exception(exc)
    ~~~~~~~~~~~~~~~~~~~~~~~~~~~~~^^^^^
  File "F:\django-best-on-click\best-on-click-backend\venv\Lib\site-packages\rest_framework\views.py", line 486, in raise_uncaught_exception
    raise exc
  File "F:\django-best-on-click\best-on-click-backend\venv\Lib\site-packages\rest_framework\views.py", line 512, in dispatch
    response = handler(request, *args, **kwargs)
  File "F:\django-best-on-click\best-on-click-backend\venv\Lib\site-packages\rest_framework\generics.py", line 212, in get
    return self.retrieve(request, *args, **kwargs)
           ~~~~~~~~~~~~~^^^^^^^^^^^^^^^^^^^^^^^^^^
  File "F:\django-best-on-click\best-on-click-backend\venv\Lib\site-packages\rest_framework\mixins.py", line 56, in retrieve
    return Response(serializer.data)
                    ^^^^^^^^^^^^^^^
  File "F:\django-best-on-click\best-on-click-backend\venv\Lib\site-packages\rest_framework\serializers.py", line 573, in data
    ret = super().data
          ^^^^^^^^^^^^
  File "F:\django-best-on-click\best-on-click-backend\venv\Lib\site-packages\rest_framework\serializers.py", line 251, in data
    self._data = self.to_representation(self.instance)
                 ~~~~~~~~~~~~~~~~~~~~~~^^^^^^^^^^^^^^^
  File "F:\django-best-on-click\best-on-click-backend\venv\Lib\site-packages\rest_framework\serializers.py", line 540, in to_representation
    ret[field.field_name] = field.to_representation(attribute)
                            ~~~~~~~~~~~~~~~~~~~~~~~^^^^^^^^^^^
  File "F:\django-best-on-click\best-on-click-backend\venv\Lib\site-packages\rest_framework\serializers.py", line 713, in to_representation
    iterable = data.all() if isinstance(data, models.manager.BaseManager) else data
               ~~~~~~~~^^
  File "F:\django-best-on-click\best-on-click-backend\venv\Lib\site-packages\django\db\models\manager.py", line 164, in all
    return self.get_queryset()
           ~~~~~~~~~~~~~~~~~^^
  File "F:\django-best-on-click\best-on-click-backend\venv\Lib\site-packages\django\db\models\fields\related_descriptors.py", line 760, in get_queryset
    raise ValueError(
    ...<2 lines>...
    )
ValueError: 'Cart' instance needs to have a primary key value before this relationship can be used.
ERROR 2025-07-20 14:13:22,963 log 4700 18540 Internal Server Error: /api/cart/
Traceback (most recent call last):
  File "F:\django-best-on-click\best-on-click-backend\venv\Lib\site-packages\django\core\handlers\exception.py", line 55, in inner
    response = get_response(request)
  File "F:\django-best-on-click\best-on-click-backend\venv\Lib\site-packages\django\core\handlers\base.py", line 197, in _get_response
    response = wrapped_callback(request, *callback_args, **callback_kwargs)
  File "F:\django-best-on-click\best-on-click-backend\venv\Lib\site-packages\django\views\decorators\csrf.py", line 65, in _view_wrapper
    return view_func(request, *args, **kwargs)
  File "F:\django-best-on-click\best-on-click-backend\venv\Lib\site-packages\django\views\generic\base.py", line 105, in view
    return self.dispatch(request, *args, **kwargs)
           ~~~~~~~~~~~~~^^^^^^^^^^^^^^^^^^^^^^^^^^
  File "F:\django-best-on-click\best-on-click-backend\venv\Lib\site-packages\rest_framework\views.py", line 515, in dispatch
    response = self.handle_exception(exc)
  File "F:\django-best-on-click\best-on-click-backend\venv\Lib\site-packages\rest_framework\views.py", line 475, in handle_exception
    self.raise_uncaught_exception(exc)
    ~~~~~~~~~~~~~~~~~~~~~~~~~~~~~^^^^^
  File "F:\django-best-on-click\best-on-click-backend\venv\Lib\site-packages\rest_framework\views.py", line 486, in raise_uncaught_exception
    raise exc
  File "F:\django-best-on-click\best-on-click-backend\venv\Lib\site-packages\rest_framework\views.py", line 512, in dispatch
    response = handler(request, *args, **kwargs)
  File "F:\django-best-on-click\best-on-click-backend\venv\Lib\site-packages\rest_framework\generics.py", line 212, in get
    return self.retrieve(request, *args, **kwargs)
           ~~~~~~~~~~~~~^^^^^^^^^^^^^^^^^^^^^^^^^^
  File "F:\django-best-on-click\best-on-click-backend\venv\Lib\site-packages\rest_framework\mixins.py", line 56, in retrieve
    return Response(serializer.data)
                    ^^^^^^^^^^^^^^^
  File "F:\django-best-on-click\best-on-click-backend\venv\Lib\site-packages\rest_framework\serializers.py", line 573, in data
    ret = super().data
          ^^^^^^^^^^^^
  File "F:\django-best-on-click\best-on-click-backend\venv\Lib\site-packages\rest_framework\serializers.py", line 251, in data
    self._data = self.to_representation(self.instance)
                 ~~~~~~~~~~~~~~~~~~~~~~^^^^^^^^^^^^^^^
  File "F:\django-best-on-click\best-on-click-backend\venv\Lib\site-packages\rest_framework\serializers.py", line 540, in to_representation
    ret[field.field_name] = field.to_representation(attribute)
                            ~~~~~~~~~~~~~~~~~~~~~~~^^^^^^^^^^^
  File "F:\django-best-on-click\best-on-click-backend\venv\Lib\site-packages\rest_framework\serializers.py", line 713, in to_representation
    iterable = data.all() if isinstance(data, models.manager.BaseManager) else data
               ~~~~~~~~^^
  File "F:\django-best-on-click\best-on-click-backend\venv\Lib\site-packages\django\db\models\manager.py", line 164, in all
    return self.get_queryset()
           ~~~~~~~~~~~~~~~~~^^
  File "F:\django-best-on-click\best-on-click-backend\venv\Lib\site-packages\django\db\models\fields\related_descriptors.py", line 760, in get_queryset
    raise ValueError(
    ...<2 lines>...
    )
ValueError: 'Cart' instance needs to have a primary key value before this relationship can be used.
ERROR 2025-07-20 14:27:47,947 log 4700 13876 Internal Server Error: /api/cart/
Traceback (most recent call last):
  File "F:\django-best-on-click\best-on-click-backend\venv\Lib\site-packages\django\core\handlers\exception.py", line 55, in inner
    response = get_response(request)
  File "F:\django-best-on-click\best-on-click-backend\venv\Lib\site-packages\django\core\handlers\base.py", line 197, in _get_response
    response = wrapped_callback(request, *callback_args, **callback_kwargs)
  File "F:\django-best-on-click\best-on-click-backend\venv\Lib\site-packages\django\views\decorators\csrf.py", line 65, in _view_wrapper
    return view_func(request, *args, **kwargs)
  File "F:\django-best-on-click\best-on-click-backend\venv\Lib\site-packages\django\views\generic\base.py", line 105, in view
    return self.dispatch(request, *args, **kwargs)
           ~~~~~~~~~~~~~^^^^^^^^^^^^^^^^^^^^^^^^^^
  File "F:\django-best-on-click\best-on-click-backend\venv\Lib\site-packages\rest_framework\views.py", line 515, in dispatch
    response = self.handle_exception(exc)
  File "F:\django-best-on-click\best-on-click-backend\venv\Lib\site-packages\rest_framework\views.py", line 475, in handle_exception
    self.raise_uncaught_exception(exc)
    ~~~~~~~~~~~~~~~~~~~~~~~~~~~~~^^^^^
  File "F:\django-best-on-click\best-on-click-backend\venv\Lib\site-packages\rest_framework\views.py", line 486, in raise_uncaught_exception
    raise exc
  File "F:\django-best-on-click\best-on-click-backend\venv\Lib\site-packages\rest_framework\views.py", line 512, in dispatch
    response = handler(request, *args, **kwargs)
  File "F:\django-best-on-click\best-on-click-backend\venv\Lib\site-packages\rest_framework\generics.py", line 212, in get
    return self.retrieve(request, *args, **kwargs)
           ~~~~~~~~~~~~~^^^^^^^^^^^^^^^^^^^^^^^^^^
  File "F:\django-best-on-click\best-on-click-backend\venv\Lib\site-packages\rest_framework\mixins.py", line 56, in retrieve
    return Response(serializer.data)
                    ^^^^^^^^^^^^^^^
  File "F:\django-best-on-click\best-on-click-backend\venv\Lib\site-packages\rest_framework\serializers.py", line 573, in data
    ret = super().data
          ^^^^^^^^^^^^
  File "F:\django-best-on-click\best-on-click-backend\venv\Lib\site-packages\rest_framework\serializers.py", line 251, in data
    self._data = self.to_representation(self.instance)
                 ~~~~~~~~~~~~~~~~~~~~~~^^^^^^^^^^^^^^^
  File "F:\django-best-on-click\best-on-click-backend\venv\Lib\site-packages\rest_framework\serializers.py", line 540, in to_representation
    ret[field.field_name] = field.to_representation(attribute)
                            ~~~~~~~~~~~~~~~~~~~~~~~^^^^^^^^^^^
  File "F:\django-best-on-click\best-on-click-backend\venv\Lib\site-packages\rest_framework\serializers.py", line 713, in to_representation
    iterable = data.all() if isinstance(data, models.manager.BaseManager) else data
               ~~~~~~~~^^
  File "F:\django-best-on-click\best-on-click-backend\venv\Lib\site-packages\django\db\models\manager.py", line 164, in all
    return self.get_queryset()
           ~~~~~~~~~~~~~~~~~^^
  File "F:\django-best-on-click\best-on-click-backend\venv\Lib\site-packages\django\db\models\fields\related_descriptors.py", line 760, in get_queryset
    raise ValueError(
    ...<2 lines>...
    )
ValueError: 'Cart' instance needs to have a primary key value before this relationship can be used.
INFO 2025-07-20 14:33:40,378 services 4700 8820 Enhanced search: 'beauty' -> 'beauty'
INFO 2025-07-20 14:33:42,372 services 4700 3656 Enhanced search: 'be' -> 'be'
INFO 2025-07-20 15:21:12,881 autoreload 15480 10820 Watching for file changes with StatReloader
ERROR 2025-07-20 15:36:46,633 log 15480 13804 Internal Server Error: /api/cart/
Traceback (most recent call last):
  File "F:\django-best-on-click\best-on-click-backend\venv\Lib\site-packages\django\core\handlers\exception.py", line 55, in inner
    response = get_response(request)
  File "F:\django-best-on-click\best-on-click-backend\venv\Lib\site-packages\django\core\handlers\base.py", line 197, in _get_response
    response = wrapped_callback(request, *callback_args, **callback_kwargs)
  File "F:\django-best-on-click\best-on-click-backend\venv\Lib\site-packages\django\views\decorators\csrf.py", line 65, in _view_wrapper
    return view_func(request, *args, **kwargs)
  File "F:\django-best-on-click\best-on-click-backend\venv\Lib\site-packages\django\views\generic\base.py", line 105, in view
    return self.dispatch(request, *args, **kwargs)
           ~~~~~~~~~~~~~^^^^^^^^^^^^^^^^^^^^^^^^^^
  File "F:\django-best-on-click\best-on-click-backend\venv\Lib\site-packages\rest_framework\views.py", line 515, in dispatch
    response = self.handle_exception(exc)
  File "F:\django-best-on-click\best-on-click-backend\venv\Lib\site-packages\rest_framework\views.py", line 475, in handle_exception
    self.raise_uncaught_exception(exc)
    ~~~~~~~~~~~~~~~~~~~~~~~~~~~~~^^^^^
  File "F:\django-best-on-click\best-on-click-backend\venv\Lib\site-packages\rest_framework\views.py", line 486, in raise_uncaught_exception
    raise exc
  File "F:\django-best-on-click\best-on-click-backend\venv\Lib\site-packages\rest_framework\views.py", line 512, in dispatch
    response = handler(request, *args, **kwargs)
  File "F:\django-best-on-click\best-on-click-backend\venv\Lib\site-packages\rest_framework\generics.py", line 212, in get
    return self.retrieve(request, *args, **kwargs)
           ~~~~~~~~~~~~~^^^^^^^^^^^^^^^^^^^^^^^^^^
  File "F:\django-best-on-click\best-on-click-backend\venv\Lib\site-packages\rest_framework\mixins.py", line 56, in retrieve
    return Response(serializer.data)
                    ^^^^^^^^^^^^^^^
  File "F:\django-best-on-click\best-on-click-backend\venv\Lib\site-packages\rest_framework\serializers.py", line 573, in data
    ret = super().data
          ^^^^^^^^^^^^
  File "F:\django-best-on-click\best-on-click-backend\venv\Lib\site-packages\rest_framework\serializers.py", line 251, in data
    self._data = self.to_representation(self.instance)
                 ~~~~~~~~~~~~~~~~~~~~~~^^^^^^^^^^^^^^^
  File "F:\django-best-on-click\best-on-click-backend\venv\Lib\site-packages\rest_framework\serializers.py", line 540, in to_representation
    ret[field.field_name] = field.to_representation(attribute)
                            ~~~~~~~~~~~~~~~~~~~~~~~^^^^^^^^^^^
  File "F:\django-best-on-click\best-on-click-backend\venv\Lib\site-packages\rest_framework\serializers.py", line 713, in to_representation
    iterable = data.all() if isinstance(data, models.manager.BaseManager) else data
               ~~~~~~~~^^
  File "F:\django-best-on-click\best-on-click-backend\venv\Lib\site-packages\django\db\models\manager.py", line 164, in all
    return self.get_queryset()
           ~~~~~~~~~~~~~~~~~^^
  File "F:\django-best-on-click\best-on-click-backend\venv\Lib\site-packages\django\db\models\fields\related_descriptors.py", line 760, in get_queryset
    raise ValueError(
    ...<2 lines>...
    )
ValueError: 'Cart' instance needs to have a primary key value before this relationship can be used.
ERROR 2025-07-20 15:37:51,434 log 15480 13804 Internal Server Error: /api/cart/
Traceback (most recent call last):
  File "F:\django-best-on-click\best-on-click-backend\venv\Lib\site-packages\django\core\handlers\exception.py", line 55, in inner
    response = get_response(request)
  File "F:\django-best-on-click\best-on-click-backend\venv\Lib\site-packages\django\core\handlers\base.py", line 197, in _get_response
    response = wrapped_callback(request, *callback_args, **callback_kwargs)
  File "F:\django-best-on-click\best-on-click-backend\venv\Lib\site-packages\django\views\decorators\csrf.py", line 65, in _view_wrapper
    return view_func(request, *args, **kwargs)
  File "F:\django-best-on-click\best-on-click-backend\venv\Lib\site-packages\django\views\generic\base.py", line 105, in view
    return self.dispatch(request, *args, **kwargs)
           ~~~~~~~~~~~~~^^^^^^^^^^^^^^^^^^^^^^^^^^
  File "F:\django-best-on-click\best-on-click-backend\venv\Lib\site-packages\rest_framework\views.py", line 515, in dispatch
    response = self.handle_exception(exc)
  File "F:\django-best-on-click\best-on-click-backend\venv\Lib\site-packages\rest_framework\views.py", line 475, in handle_exception
    self.raise_uncaught_exception(exc)
    ~~~~~~~~~~~~~~~~~~~~~~~~~~~~~^^^^^
  File "F:\django-best-on-click\best-on-click-backend\venv\Lib\site-packages\rest_framework\views.py", line 486, in raise_uncaught_exception
    raise exc
  File "F:\django-best-on-click\best-on-click-backend\venv\Lib\site-packages\rest_framework\views.py", line 512, in dispatch
    response = handler(request, *args, **kwargs)
  File "F:\django-best-on-click\best-on-click-backend\venv\Lib\site-packages\rest_framework\generics.py", line 212, in get
    return self.retrieve(request, *args, **kwargs)
           ~~~~~~~~~~~~~^^^^^^^^^^^^^^^^^^^^^^^^^^
  File "F:\django-best-on-click\best-on-click-backend\venv\Lib\site-packages\rest_framework\mixins.py", line 56, in retrieve
    return Response(serializer.data)
                    ^^^^^^^^^^^^^^^
  File "F:\django-best-on-click\best-on-click-backend\venv\Lib\site-packages\rest_framework\serializers.py", line 573, in data
    ret = super().data
          ^^^^^^^^^^^^
  File "F:\django-best-on-click\best-on-click-backend\venv\Lib\site-packages\rest_framework\serializers.py", line 251, in data
    self._data = self.to_representation(self.instance)
                 ~~~~~~~~~~~~~~~~~~~~~~^^^^^^^^^^^^^^^
  File "F:\django-best-on-click\best-on-click-backend\venv\Lib\site-packages\rest_framework\serializers.py", line 540, in to_representation
    ret[field.field_name] = field.to_representation(attribute)
                            ~~~~~~~~~~~~~~~~~~~~~~~^^^^^^^^^^^
  File "F:\django-best-on-click\best-on-click-backend\venv\Lib\site-packages\rest_framework\serializers.py", line 713, in to_representation
    iterable = data.all() if isinstance(data, models.manager.BaseManager) else data
               ~~~~~~~~^^
  File "F:\django-best-on-click\best-on-click-backend\venv\Lib\site-packages\django\db\models\manager.py", line 164, in all
    return self.get_queryset()
           ~~~~~~~~~~~~~~~~~^^
  File "F:\django-best-on-click\best-on-click-backend\venv\Lib\site-packages\django\db\models\fields\related_descriptors.py", line 760, in get_queryset
    raise ValueError(
    ...<2 lines>...
    )
ValueError: 'Cart' instance needs to have a primary key value before this relationship can be used.
ERROR 2025-07-20 15:38:07,101 log 15480 13804 Internal Server Error: /api/cart/
Traceback (most recent call last):
  File "F:\django-best-on-click\best-on-click-backend\venv\Lib\site-packages\django\core\handlers\exception.py", line 55, in inner
    response = get_response(request)
  File "F:\django-best-on-click\best-on-click-backend\venv\Lib\site-packages\django\core\handlers\base.py", line 197, in _get_response
    response = wrapped_callback(request, *callback_args, **callback_kwargs)
  File "F:\django-best-on-click\best-on-click-backend\venv\Lib\site-packages\django\views\decorators\csrf.py", line 65, in _view_wrapper
    return view_func(request, *args, **kwargs)
  File "F:\django-best-on-click\best-on-click-backend\venv\Lib\site-packages\django\views\generic\base.py", line 105, in view
    return self.dispatch(request, *args, **kwargs)
           ~~~~~~~~~~~~~^^^^^^^^^^^^^^^^^^^^^^^^^^
  File "F:\django-best-on-click\best-on-click-backend\venv\Lib\site-packages\rest_framework\views.py", line 515, in dispatch
    response = self.handle_exception(exc)
  File "F:\django-best-on-click\best-on-click-backend\venv\Lib\site-packages\rest_framework\views.py", line 475, in handle_exception
    self.raise_uncaught_exception(exc)
    ~~~~~~~~~~~~~~~~~~~~~~~~~~~~~^^^^^
  File "F:\django-best-on-click\best-on-click-backend\venv\Lib\site-packages\rest_framework\views.py", line 486, in raise_uncaught_exception
    raise exc
  File "F:\django-best-on-click\best-on-click-backend\venv\Lib\site-packages\rest_framework\views.py", line 512, in dispatch
    response = handler(request, *args, **kwargs)
  File "F:\django-best-on-click\best-on-click-backend\venv\Lib\site-packages\rest_framework\generics.py", line 212, in get
    return self.retrieve(request, *args, **kwargs)
           ~~~~~~~~~~~~~^^^^^^^^^^^^^^^^^^^^^^^^^^
  File "F:\django-best-on-click\best-on-click-backend\venv\Lib\site-packages\rest_framework\mixins.py", line 56, in retrieve
    return Response(serializer.data)
                    ^^^^^^^^^^^^^^^
  File "F:\django-best-on-click\best-on-click-backend\venv\Lib\site-packages\rest_framework\serializers.py", line 573, in data
    ret = super().data
          ^^^^^^^^^^^^
  File "F:\django-best-on-click\best-on-click-backend\venv\Lib\site-packages\rest_framework\serializers.py", line 251, in data
    self._data = self.to_representation(self.instance)
                 ~~~~~~~~~~~~~~~~~~~~~~^^^^^^^^^^^^^^^
  File "F:\django-best-on-click\best-on-click-backend\venv\Lib\site-packages\rest_framework\serializers.py", line 540, in to_representation
    ret[field.field_name] = field.to_representation(attribute)
                            ~~~~~~~~~~~~~~~~~~~~~~~^^^^^^^^^^^
  File "F:\django-best-on-click\best-on-click-backend\venv\Lib\site-packages\rest_framework\serializers.py", line 713, in to_representation
    iterable = data.all() if isinstance(data, models.manager.BaseManager) else data
               ~~~~~~~~^^
  File "F:\django-best-on-click\best-on-click-backend\venv\Lib\site-packages\django\db\models\manager.py", line 164, in all
    return self.get_queryset()
           ~~~~~~~~~~~~~~~~~^^
  File "F:\django-best-on-click\best-on-click-backend\venv\Lib\site-packages\django\db\models\fields\related_descriptors.py", line 760, in get_queryset
    raise ValueError(
    ...<2 lines>...
    )
ValueError: 'Cart' instance needs to have a primary key value before this relationship can be used.
ERROR 2025-07-20 15:53:38,822 log 15480 9132 Internal Server Error: /api/cart/
Traceback (most recent call last):
  File "F:\django-best-on-click\best-on-click-backend\venv\Lib\site-packages\django\core\handlers\exception.py", line 55, in inner
    response = get_response(request)
  File "F:\django-best-on-click\best-on-click-backend\venv\Lib\site-packages\django\core\handlers\base.py", line 197, in _get_response
    response = wrapped_callback(request, *callback_args, **callback_kwargs)
  File "F:\django-best-on-click\best-on-click-backend\venv\Lib\site-packages\django\views\decorators\csrf.py", line 65, in _view_wrapper
    return view_func(request, *args, **kwargs)
  File "F:\django-best-on-click\best-on-click-backend\venv\Lib\site-packages\django\views\generic\base.py", line 105, in view
    return self.dispatch(request, *args, **kwargs)
           ~~~~~~~~~~~~~^^^^^^^^^^^^^^^^^^^^^^^^^^
  File "F:\django-best-on-click\best-on-click-backend\venv\Lib\site-packages\rest_framework\views.py", line 515, in dispatch
    response = self.handle_exception(exc)
  File "F:\django-best-on-click\best-on-click-backend\venv\Lib\site-packages\rest_framework\views.py", line 475, in handle_exception
    self.raise_uncaught_exception(exc)
    ~~~~~~~~~~~~~~~~~~~~~~~~~~~~~^^^^^
  File "F:\django-best-on-click\best-on-click-backend\venv\Lib\site-packages\rest_framework\views.py", line 486, in raise_uncaught_exception
    raise exc
  File "F:\django-best-on-click\best-on-click-backend\venv\Lib\site-packages\rest_framework\views.py", line 512, in dispatch
    response = handler(request, *args, **kwargs)
  File "F:\django-best-on-click\best-on-click-backend\venv\Lib\site-packages\rest_framework\generics.py", line 212, in get
    return self.retrieve(request, *args, **kwargs)
           ~~~~~~~~~~~~~^^^^^^^^^^^^^^^^^^^^^^^^^^
  File "F:\django-best-on-click\best-on-click-backend\venv\Lib\site-packages\rest_framework\mixins.py", line 56, in retrieve
    return Response(serializer.data)
                    ^^^^^^^^^^^^^^^
  File "F:\django-best-on-click\best-on-click-backend\venv\Lib\site-packages\rest_framework\serializers.py", line 573, in data
    ret = super().data
          ^^^^^^^^^^^^
  File "F:\django-best-on-click\best-on-click-backend\venv\Lib\site-packages\rest_framework\serializers.py", line 251, in data
    self._data = self.to_representation(self.instance)
                 ~~~~~~~~~~~~~~~~~~~~~~^^^^^^^^^^^^^^^
  File "F:\django-best-on-click\best-on-click-backend\venv\Lib\site-packages\rest_framework\serializers.py", line 540, in to_representation
    ret[field.field_name] = field.to_representation(attribute)
                            ~~~~~~~~~~~~~~~~~~~~~~~^^^^^^^^^^^
  File "F:\django-best-on-click\best-on-click-backend\venv\Lib\site-packages\rest_framework\serializers.py", line 713, in to_representation
    iterable = data.all() if isinstance(data, models.manager.BaseManager) else data
               ~~~~~~~~^^
  File "F:\django-best-on-click\best-on-click-backend\venv\Lib\site-packages\django\db\models\manager.py", line 164, in all
    return self.get_queryset()
           ~~~~~~~~~~~~~~~~~^^
  File "F:\django-best-on-click\best-on-click-backend\venv\Lib\site-packages\django\db\models\fields\related_descriptors.py", line 760, in get_queryset
    raise ValueError(
    ...<2 lines>...
    )
ValueError: 'Cart' instance needs to have a primary key value before this relationship can be used.
ERROR 2025-07-20 15:54:26,232 log 15480 9132 Internal Server Error: /api/cart/
Traceback (most recent call last):
  File "F:\django-best-on-click\best-on-click-backend\venv\Lib\site-packages\django\core\handlers\exception.py", line 55, in inner
    response = get_response(request)
  File "F:\django-best-on-click\best-on-click-backend\venv\Lib\site-packages\django\core\handlers\base.py", line 197, in _get_response
    response = wrapped_callback(request, *callback_args, **callback_kwargs)
  File "F:\django-best-on-click\best-on-click-backend\venv\Lib\site-packages\django\views\decorators\csrf.py", line 65, in _view_wrapper
    return view_func(request, *args, **kwargs)
  File "F:\django-best-on-click\best-on-click-backend\venv\Lib\site-packages\django\views\generic\base.py", line 105, in view
    return self.dispatch(request, *args, **kwargs)
           ~~~~~~~~~~~~~^^^^^^^^^^^^^^^^^^^^^^^^^^
  File "F:\django-best-on-click\best-on-click-backend\venv\Lib\site-packages\rest_framework\views.py", line 515, in dispatch
    response = self.handle_exception(exc)
  File "F:\django-best-on-click\best-on-click-backend\venv\Lib\site-packages\rest_framework\views.py", line 475, in handle_exception
    self.raise_uncaught_exception(exc)
    ~~~~~~~~~~~~~~~~~~~~~~~~~~~~~^^^^^
  File "F:\django-best-on-click\best-on-click-backend\venv\Lib\site-packages\rest_framework\views.py", line 486, in raise_uncaught_exception
    raise exc
  File "F:\django-best-on-click\best-on-click-backend\venv\Lib\site-packages\rest_framework\views.py", line 512, in dispatch
    response = handler(request, *args, **kwargs)
  File "F:\django-best-on-click\best-on-click-backend\venv\Lib\site-packages\rest_framework\generics.py", line 212, in get
    return self.retrieve(request, *args, **kwargs)
           ~~~~~~~~~~~~~^^^^^^^^^^^^^^^^^^^^^^^^^^
  File "F:\django-best-on-click\best-on-click-backend\venv\Lib\site-packages\rest_framework\mixins.py", line 56, in retrieve
    return Response(serializer.data)
                    ^^^^^^^^^^^^^^^
  File "F:\django-best-on-click\best-on-click-backend\venv\Lib\site-packages\rest_framework\serializers.py", line 573, in data
    ret = super().data
          ^^^^^^^^^^^^
  File "F:\django-best-on-click\best-on-click-backend\venv\Lib\site-packages\rest_framework\serializers.py", line 251, in data
    self._data = self.to_representation(self.instance)
                 ~~~~~~~~~~~~~~~~~~~~~~^^^^^^^^^^^^^^^
  File "F:\django-best-on-click\best-on-click-backend\venv\Lib\site-packages\rest_framework\serializers.py", line 540, in to_representation
    ret[field.field_name] = field.to_representation(attribute)
                            ~~~~~~~~~~~~~~~~~~~~~~~^^^^^^^^^^^
  File "F:\django-best-on-click\best-on-click-backend\venv\Lib\site-packages\rest_framework\serializers.py", line 713, in to_representation
    iterable = data.all() if isinstance(data, models.manager.BaseManager) else data
               ~~~~~~~~^^
  File "F:\django-best-on-click\best-on-click-backend\venv\Lib\site-packages\django\db\models\manager.py", line 164, in all
    return self.get_queryset()
           ~~~~~~~~~~~~~~~~~^^
  File "F:\django-best-on-click\best-on-click-backend\venv\Lib\site-packages\django\db\models\fields\related_descriptors.py", line 760, in get_queryset
    raise ValueError(
    ...<2 lines>...
    )
ValueError: 'Cart' instance needs to have a primary key value before this relationship can be used.
WARNING 2025-07-20 16:20:50,858 log 15480 14112 Bad Request: /api/cart/add/
INFO 2025-07-20 16:21:19,995 views 15480 14112 User logged in: testowner
ERROR 2025-07-20 16:21:21,405 views 15480 5556 Error getting store analytics: No Store matches the given query.
ERROR 2025-07-20 16:21:21,405 views 15480 14112 Error getting store analytics: No Store matches the given query.
ERROR 2025-07-20 16:21:21,408 views 15480 2172 Error generating AI insights: No Store matches the given query.
ERROR 2025-07-20 16:21:21,419 views 15480 18788 Error getting store performance: No Store matches the given query.
ERROR 2025-07-20 16:21:22,189 log 15480 14112 Internal Server Error: /api/dashboard/stores/1/analytics/
WARNING 2025-07-20 16:21:21,563 log 15480 18816 Not Found: /api/dashboard/stores/1/products/
ERROR 2025-07-20 16:21:21,546 log 15480 5556 Internal Server Error: /api/dashboard/stores/1/analytics/
ERROR 2025-07-20 16:21:22,212 log 15480 2172 Internal Server Error: /api/dashboard/stores/1/ai-insights/
ERROR 2025-07-20 16:21:22,337 log 15480 18788 Internal Server Error: /api/dashboard/stores/1/performance/
WARNING 2025-07-20 16:21:33,794 log 15480 14112 Bad Request: /api/cart/add/
WARNING 2025-07-20 16:30:03,153 log 15480 9860 Bad Request: /api/cart/add/
WARNING 2025-07-20 16:30:04,540 log 15480 9860 Bad Request: /api/cart/add/
INFO 2025-07-20 16:31:50,823 autoreload 10552 12472 Watching for file changes with StatReloader
WARNING 2025-07-20 16:48:05,880 log 15480 16296 Unauthorized: /api/auth/profile/
WARNING 2025-07-20 16:48:52,339 log 15480 4884 Bad Request: /api/auth/login/
WARNING 2025-07-20 16:49:31,098 log 15480 4884 Bad Request: /api/auth/login/
INFO 2025-07-20 17:13:36,245 views 15480 19824 User logged in: testowner
ERROR 2025-07-20 17:13:38,382 views 15480 3180 Error getting store analytics: No Store matches the given query.
ERROR 2025-07-20 17:13:38,818 log 15480 3180 Internal Server Error: /api/dashboard/stores/1/analytics/
ERROR 2025-07-20 17:13:39,535 views 15480 13500 Error getting store performance: No Store matches the given query.
ERROR 2025-07-20 17:13:40,468 log 15480 13500 Internal Server Error: /api/dashboard/stores/1/performance/
ERROR 2025-07-20 17:13:41,586 views 15480 13340 Error generating AI insights: No Store matches the given query.
ERROR 2025-07-20 17:13:41,855 views 15480 14436 Error getting store analytics: No Store matches the given query.
WARNING 2025-07-20 17:13:41,593 log 15480 13984 Not Found: /api/dashboard/stores/1/products/
ERROR 2025-07-20 17:13:42,156 log 15480 13340 Internal Server Error: /api/dashboard/stores/1/ai-insights/
ERROR 2025-07-20 17:13:42,766 log 15480 14436 Internal Server Error: /api/dashboard/stores/1/analytics/
WARNING 2025-07-20 17:16:29,791 log 15480 14436 Unauthorized: /api/auth/profile/
INFO 2025-07-20 17:36:56,081 views 15480 8304 User logged in: testowner
ERROR 2025-07-20 17:36:57,051 views 15480 12816 Error getting store performance: No Store matches the given query.
ERROR 2025-07-20 17:36:57,062 views 15480 20068 Error getting store analytics: No Store matches the given query.
ERROR 2025-07-20 17:36:57,086 views 15480 12152 Error generating AI insights: No Store matches the given query.
ERROR 2025-07-20 17:36:57,086 views 15480 7936 Error getting store analytics: No Store matches the given query.
WARNING 2025-07-20 17:36:57,076 log 15480 8304 Not Found: /api/dashboard/stores/1/products/
ERROR 2025-07-20 17:36:57,100 log 15480 12816 Internal Server Error: /api/dashboard/stores/1/performance/
ERROR 2025-07-20 17:36:57,262 log 15480 20068 Internal Server Error: /api/dashboard/stores/1/analytics/
ERROR 2025-07-20 17:36:57,305 log 15480 12152 Internal Server Error: /api/dashboard/stores/1/ai-insights/
ERROR 2025-07-20 17:36:57,667 log 15480 7936 Internal Server Error: /api/dashboard/stores/1/analytics/
WARNING 2025-07-20 17:41:56,782 log 15480 8304 Unauthorized: /api/auth/profile/
INFO 2025-07-20 17:43:34,995 views 15480 20068 User logged in: testowner
ERROR 2025-07-20 17:43:37,118 views 15480 12816 Error getting store analytics: No Store matches the given query.
WARNING 2025-07-20 17:43:37,968 log 15480 15908 Not Found: /api/dashboard/stores/1/products/
ERROR 2025-07-20 17:43:37,137 views 15480 5232 Error getting store performance: No Store matches the given query.
ERROR 2025-07-20 17:43:39,709 views 15480 16756 Error getting store analytics: No Store matches the given query.
ERROR 2025-07-20 17:43:40,172 views 15480 8304 Error generating AI insights: No Store matches the given query.
ERROR 2025-07-20 17:43:39,307 log 15480 12816 Internal Server Error: /api/dashboard/stores/1/analytics/
ERROR 2025-07-20 17:43:41,614 log 15480 5232 Internal Server Error: /api/dashboard/stores/1/performance/
ERROR 2025-07-20 17:43:43,010 log 15480 16756 Internal Server Error: /api/dashboard/stores/1/analytics/
ERROR 2025-07-20 17:43:44,258 log 15480 8304 Internal Server Error: /api/dashboard/stores/1/ai-insights/
WARNING 2025-07-20 18:22:43,953 log 15480 8304 Unauthorized: /api/auth/profile/
INFO 2025-07-20 18:23:27,467 views 15480 8304 User logged in: testowner
ERROR 2025-07-20 18:23:27,965 views 15480 4236 Error getting store analytics: No Store matches the given query.
ERROR 2025-07-20 18:23:28,281 log 15480 4236 Internal Server Error: /api/dashboard/stores/1/analytics/
ERROR 2025-07-20 18:23:28,325 views 15480 13068 Error getting store performance: No Store matches the given query.
ERROR 2025-07-20 18:23:28,416 views 15480 2620 Error getting store analytics: No Store matches the given query.
WARNING 2025-07-20 18:23:28,318 log 15480 14760 Not Found: /api/dashboard/stores/1/products/
ERROR 2025-07-20 18:23:28,704 views 15480 8304 Error generating AI insights: No Store matches the given query.
ERROR 2025-07-20 18:23:28,691 log 15480 13068 Internal Server Error: /api/dashboard/stores/1/performance/
ERROR 2025-07-20 18:23:28,722 log 15480 2620 Internal Server Error: /api/dashboard/stores/1/analytics/
ERROR 2025-07-20 18:23:29,186 log 15480 8304 Internal Server Error: /api/dashboard/stores/1/ai-insights/
WARNING 2025-07-20 18:45:34,361 log 15480 5812 Unauthorized: /api/auth/profile/
INFO 2025-07-21 09:17:23,699 autoreload 12192 12316 Watching for file changes with StatReloader
INFO 2025-07-21 09:28:17,562 views 12192 12684 User logged in: testowner
ERROR 2025-07-21 09:28:23,384 views 12192 16928 Error generating AI insights: No Store matches the given query.
ERROR 2025-07-21 09:28:23,747 views 12192 3876 Error getting store analytics: No Store matches the given query.
ERROR 2025-07-21 09:28:23,752 views 12192 4592 Error getting store performance: No Store matches the given query.
ERROR 2025-07-21 09:28:23,700 log 12192 16928 Internal Server Error: /api/dashboard/stores/1/ai-insights/
ERROR 2025-07-21 09:28:23,813 log 12192 3876 Internal Server Error: /api/dashboard/stores/1/analytics/
WARNING 2025-07-21 09:28:23,826 log 12192 19592 Not Found: /api/dashboard/stores/1/products/
ERROR 2025-07-21 09:28:23,833 log 12192 4592 Internal Server Error: /api/dashboard/stores/1/performance/
ERROR 2025-07-21 09:28:24,063 views 12192 16928 Error getting store analytics: No Store matches the given query.
ERROR 2025-07-21 09:28:24,401 log 12192 16928 Internal Server Error: /api/dashboard/stores/1/analytics/
WARNING 2025-07-21 09:29:29,416 log 12192 16928 Not Found: /api/dashboard/stores/1/products/
ERROR 2025-07-21 09:29:29,948 views 12192 19768 Error generating AI insights: No Store matches the given query.
ERROR 2025-07-21 09:29:29,954 views 12192 19592 Error getting store performance: No Store matches the given query.
ERROR 2025-07-21 09:29:30,290 log 12192 19768 Internal Server Error: /api/dashboard/stores/1/ai-insights/
ERROR 2025-07-21 09:29:29,974 views 12192 4592 Error getting store analytics: No Store matches the given query.
ERROR 2025-07-21 09:29:29,956 views 12192 3876 Error getting store analytics: No Store matches the given query.
ERROR 2025-07-21 09:29:30,335 log 12192 19592 Internal Server Error: /api/dashboard/stores/1/performance/
ERROR 2025-07-21 09:29:30,357 log 12192 4592 Internal Server Error: /api/dashboard/stores/1/analytics/
ERROR 2025-07-21 09:29:30,635 log 12192 3876 Internal Server Error: /api/dashboard/stores/1/analytics/
INFO 2025-07-21 19:45:45,483 autoreload 8668 3324 Watching for file changes with StatReloader
WARNING 2025-07-21 19:46:59,015 log 8668 10444 Unauthorized: /api/auth/profile/
WARNING 2025-07-21 19:46:59,567 log 8668 12768 Unauthorized: /api/cart/saved/
WARNING 2025-07-21 19:46:59,727 log 8668 9000 Unauthorized: /api/products/
WARNING 2025-07-21 19:47:00,417 log 8668 11420 Unauthorized: /api/products/
INFO 2025-07-22 10:47:36,650 autoreload 8392 13856 Watching for file changes with StatReloader
INFO 2025-07-22 10:52:51,479 views 8392 13280 New user registered: khcustomer
WARNING 2025-07-22 10:53:30,007 log 8392 8588 Bad Request: /api/cart/add/
WARNING 2025-07-22 11:05:23,815 log 8392 14224 Unauthorized: /api/auth/profile/
INFO 2025-07-22 11:05:36,549 views 8392 14224 User logged in: khcustomer
WARNING 2025-07-22 11:08:29,727 log 8392 5572 Unauthorized: /api/auth/profile/
INFO 2025-07-22 11:08:37,916 views 8392 12960 User logged in: khcustomer
WARNING 2025-07-22 11:11:39,914 log 8392 12960 Unauthorized: /api/auth/profile/
INFO 2025-07-22 11:11:50,144 views 8392 12960 User logged in: khcustomer
ERROR 2025-07-22 11:18:53,169 views 8392 16284 Error removing from cart: No CartItem matches the given query.
ERROR 2025-07-22 11:18:53,172 log 8392 16284 Internal Server Error: /api/cart/remove/
WARNING 2025-07-22 12:02:29,061 log 8392 13520 Unauthorized: /api/auth/profile/
INFO 2025-07-22 12:02:39,390 views 8392 13520 User logged in: khcustomer
WARNING 2025-07-22 12:03:11,513 log 8392 13520 Bad Request: /api/promotions/generate-user-qr/
WARNING 2025-07-22 12:04:12,667 log 8392 13520 Bad Request: /api/promotions/generate-user-qr/
WARNING 2025-07-22 12:09:50,855 log 8392 13520 Bad Request: /api/promotions/generate-user-qr/
WARNING 2025-07-22 12:09:51,198 log 8392 16360 Bad Request: /api/promotions/generate-user-qr/
WARNING 2025-07-22 12:09:51,521 log 8392 9180 Bad Request: /api/promotions/generate-user-qr/
WARNING 2025-07-22 12:23:23,986 log 8392 14788 Unauthorized: /api/auth/profile/
INFO 2025-07-22 12:23:42,245 views 8392 14788 User logged in: khcustomer
WARNING 2025-07-22 12:24:28,315 log 8392 8992 Bad Request: /api/promotions/generate-user-qr/
WARNING 2025-07-22 12:24:34,271 log 8392 8992 Bad Request: /api/promotions/generate-user-qr/
WARNING 2025-07-22 12:25:06,332 log 8392 14788 Bad Request: /api/promotions/generate-user-qr/
WARNING 2025-07-22 12:39:36,507 log 8392 14788 Unauthorized: /api/auth/profile/
INFO 2025-07-22 12:39:49,201 views 8392 14788 User logged in: khcustomer
INFO 2025-07-22 12:39:58,495 views 8392 8992 User logged in: khcustomer
WARNING 2025-07-22 12:48:13,721 log 8392 11956 Unauthorized: /api/auth/profile/
INFO 2025-07-22 12:48:30,550 views 8392 11956 User logged in: khcustomer
WARNING 2025-07-22 12:48:37,444 log 8392 11956 Bad Request: /api/promotions/generate-user-qr/
WARNING 2025-07-22 12:48:58,812 log 8392 11956 Bad Request: /api/promotions/generate-user-qr/
WARNING 2025-07-22 13:01:34,869 log 8392 12092 Unauthorized: /api/auth/profile/
INFO 2025-07-22 13:02:09,279 views 8392 2496 User logged in: khcustomer
WARNING 2025-07-22 13:02:15,651 log 8392 2496 Bad Request: /api/promotions/generate-user-qr/
WARNING 2025-07-22 16:16:24,389 log 8392 17812 Unauthorized: /api/auth/profile/
WARNING 2025-07-22 16:16:25,065 log 8392 2572 Unauthorized: /api/cart/saved/
WARNING 2025-07-22 16:16:25,214 log 8392 12208 Unauthorized: /api/products/
INFO 2025-07-22 16:17:09,719 views 8392 12208 User logged in: khcustomer
WARNING 2025-07-22 16:17:41,035 log 8392 2572 Bad Request: /api/promotions/generate-user-qr/
WARNING 2025-07-22 16:17:46,727 log 8392 12208 Bad Request: /api/promotions/generate-user-qr/
WARNING 2025-07-22 16:17:55,445 log 8392 2572 Bad Request: /api/promotions/generate-user-qr/
WARNING 2025-07-22 16:18:06,192 log 8392 12208 Bad Request: /api/promotions/generate-user-qr/
WARNING 2025-07-22 16:18:17,075 log 8392 12208 Bad Request: /api/promotions/generate-user-qr/
INFO 2025-07-22 16:53:14,968 autoreload 2808 18856 Watching for file changes with StatReloader
WARNING 2025-07-22 16:54:29,263 log 2808 19232 Bad Request: /api/auth/login/
WARNING 2025-07-22 16:54:47,349 log 2808 15852 Bad Request: /api/auth/login/
INFO 2025-07-22 16:56:19,404 views 2808 15852 New user registered: khcustomer
WARNING 2025-07-22 16:57:34,456 log 2808 11376 Bad Request: /api/promotions/generate-user-qr/
WARNING 2025-07-22 16:58:24,414 log 2808 11524 Not Found: /favicon.ico
INFO 2025-07-22 17:27:14,149 autoreload 17252 8056 Watching for file changes with StatReloader
WARNING 2025-07-22 17:56:21,409 log 17252 13496 Unauthorized: /api/cart/saved/
WARNING 2025-07-22 17:56:28,176 log 17252 13496 Unauthorized: /api/cart/saved/
WARNING 2025-07-22 17:56:30,692 log 17252 13496 Unauthorized: /api/cart/saved/
WARNING 2025-07-22 17:56:31,699 log 17252 13496 Unauthorized: /api/cart/saved/
WARNING 2025-07-22 17:56:33,082 log 17252 13496 Unauthorized: /api/cart/saved/
WARNING 2025-07-22 17:56:33,796 log 17252 13496 Unauthorized: /api/cart/saved/
WARNING 2025-07-22 17:56:35,277 log 17252 13496 Unauthorized: /api/cart/saved/
WARNING 2025-07-22 17:56:36,345 log 17252 13496 Unauthorized: /api/cart/saved/
WARNING 2025-07-22 17:56:37,672 log 17252 13496 Unauthorized: /api/cart/saved/
WARNING 2025-07-22 17:56:38,747 log 17252 13496 Unauthorized: /api/cart/saved/
WARNING 2025-07-22 17:56:40,007 log 17252 13496 Unauthorized: /api/cart/saved/
WARNING 2025-07-22 17:56:41,364 log 17252 13496 Unauthorized: /api/cart/saved/
WARNING 2025-07-22 17:56:42,100 log 17252 13496 Unauthorized: /api/cart/saved/
WARNING 2025-07-22 17:56:44,046 log 17252 13496 Unauthorized: /api/cart/saved/
WARNING 2025-07-22 17:56:45,371 log 17252 13496 Unauthorized: /api/cart/saved/
WARNING 2025-07-22 17:58:32,989 log 17252 13496 Bad Request: /api/auth/login/
WARNING 2025-07-22 17:59:00,651 log 17252 13496 Bad Request: /api/auth/login/
WARNING 2025-07-22 18:00:16,405 log 17252 13496 Bad Request: /api/auth/register/
WARNING 2025-07-22 18:00:26,373 log 17252 13496 Bad Request: /api/auth/register/
INFO 2025-07-22 18:00:57,547 views 17252 13496 User logged in: khcustomer
WARNING 2025-07-22 18:01:41,123 log 17252 10728 Method Not Allowed: /api/auth/login/
WARNING 2025-07-22 18:01:41,726 log 17252 16232 Not Found: /favicon.ico
WARNING 2025-07-22 18:02:16,656 log 17252 10728 Not Found: /
WARNING 2025-07-22 18:02:17,101 log 17252 10728 Not Found: /favicon.ico
WARNING 2025-07-22 18:02:23,941 log 17252 7536 Not Found: /api/
WARNING 2025-07-22 18:02:31,047 log 17252 7536 Not Found: /api/auth
WARNING 2025-07-22 18:02:39,299 log 17252 7536 Not Found: /api/ auth
WARNING 2025-07-22 18:12:14,158 log 17252 18520 Unauthorized: /api/auth/login/
WARNING 2025-07-22 18:12:34,374 log 17252 18520 Unauthorized: /api/auth/login/
WARNING 2025-07-22 18:13:34,203 log 17252 18520 Method Not Allowed: /api/auth/login/
INFO 2025-07-22 18:15:19,500 views 17252 16208 User logged in: khcustomer
WARNING 2025-07-22 18:17:52,950 log 17252 7560 Bad Request: /api/auth/login/
WARNING 2025-07-22 18:22:01,552 log 17252 7788 Bad Request: /api/auth/login/
WARNING 2025-07-22 19:34:45,027 log 17252 13672 Unauthorized: /api/cart/saved/
INFO 2025-07-22 19:38:24,500 views 17252 2268 User logged in: khcustomer
INFO 2025-07-22 19:45:54,178 views 17252 16664 User logged in: khcustomer
INFO 2025-07-22 19:57:46,652 views 17252 1908 User logged in: khcustomer
WARNING 2025-07-22 20:38:25,651 log 17252 4912 Unauthorized: /api/cart/saved/
INFO 2025-07-22 20:45:38,439 views 17252 10192 User logged in: khcustomer
WARNING 2025-07-22 21:02:59,559 log 17252 8416 Unauthorized: /api/reports/
WARNING 2025-07-22 21:18:18,341 log 17252 5908 Bad Request: /api/promotions/generate-user-qr/
WARNING 2025-07-22 21:18:22,410 log 17252 5908 Bad Request: /api/promotions/generate-user-qr/
WARNING 2025-07-22 21:41:41,935 log 17252 2908 Unauthorized: /api/auth/profile/
INFO 2025-07-22 21:41:59,610 views 17252 9832 User logged in: khcustomer
WARNING 2025-07-22 21:42:11,742 log 17252 9832 Bad Request: /api/cart/add/
WARNING 2025-07-22 21:51:49,306 log 17252 10020 Unauthorized: /api/auth/profile/
INFO 2025-07-22 21:52:09,036 views 17252 9044 User logged in: khcustomer
WARNING 2025-07-22 22:05:27,499 log 17252 9044 Unauthorized: /api/auth/profile/
INFO 2025-07-22 22:05:47,460 views 17252 9044 User logged in: khcustomer
WARNING 2025-07-22 22:23:11,944 log 17252 18300 Unauthorized: /api/auth/profile/
INFO 2025-07-22 22:23:32,930 views 17252 13948 User logged in: khcustomer
WARNING 2025-07-22 22:30:17,554 log 17252 2400 Unauthorized: /api/auth/profile/
INFO 2025-07-22 22:35:35,916 autoreload 17252 8056 F:\django-best-on-click\best-on-click-backend\comments\urls.py changed, reloading.
INFO 2025-07-22 22:35:52,013 autoreload 14748 18292 Watching for file changes with StatReloader
WARNING 2025-07-22 22:39:55,515 log 14748 4296 Unauthorized: /api/comments/
WARNING 2025-07-22 22:40:20,634 log 14748 4296 Unauthorized: /api/comments/
WARNING 2025-07-22 22:44:18,502 log 14748 9284 Unauthorized: /api/comments/
WARNING 2025-07-22 22:44:27,046 log 14748 9284 Unauthorized: /api/comments/
INFO 2025-07-22 22:45:30,226 autoreload 10572 2592 Watching for file changes with StatReloader
INFO 2025-07-22 22:49:15,176 views 10572 13528 User logged in: khcustomer
WARNING 2025-07-22 23:01:17,707 log 10572 5664 Unauthorized: /api/comments/
WARNING 2025-07-22 23:01:44,948 log 10572 5664 Unauthorized: /api/comments/
WARNING 2025-07-22 23:04:22,703 log 10572 9028 Unauthorized: /api/comments/
WARNING 2025-07-22 23:04:32,651 log 10572 9028 Not Found: /comments/
WARNING 2025-07-22 23:11:13,766 log 10572 15132 Unauthorized: /api/auth/profile/
INFO 2025-07-22 23:11:26,983 views 10572 15168 User logged in: khcustomer
WARNING 2025-07-22 23:17:08,061 log 10572 15168 Unauthorized: /api/auth/profile/
INFO 2025-07-22 23:17:58,635 views 10572 17412 User logged in: khcustomer
INFO 2025-07-23 09:56:35,491 autoreload 11444 1036 Watching for file changes with StatReloader
INFO 2025-07-23 18:36:38,011 autoreload 2768 11332 Watching for file changes with StatReloader
WARNING 2025-07-23 18:37:48,972 log 2768 4272 Unauthorized: /api/auth/profile/
WARNING 2025-07-23 18:37:49,281 log 2768 5136 Unauthorized: /api/products/
WARNING 2025-07-23 18:37:49,283 log 2768 15776 Unauthorized: /api/products/
ERROR 2025-07-23 18:37:50,818 log 2768 6340 Internal Server Error: /api/cart/
Traceback (most recent call last):
  File "D:\Graduation_Project\Project_BestOnClick\best-on-click-backend\venv\Lib\site-packages\django\core\handlers\exception.py", line 55, in inner
    response = get_response(request)
  File "D:\Graduation_Project\Project_BestOnClick\best-on-click-backend\venv\Lib\site-packages\django\core\handlers\base.py", line 197, in _get_response
    response = wrapped_callback(request, *callback_args, **callback_kwargs)
  File "D:\Graduation_Project\Project_BestOnClick\best-on-click-backend\venv\Lib\site-packages\django\views\decorators\csrf.py", line 65, in _view_wrapper
    return view_func(request, *args, **kwargs)
  File "D:\Graduation_Project\Project_BestOnClick\best-on-click-backend\venv\Lib\site-packages\django\views\generic\base.py", line 105, in view
    return self.dispatch(request, *args, **kwargs)
           ~~~~~~~~~~~~~^^^^^^^^^^^^^^^^^^^^^^^^^^
  File "D:\Graduation_Project\Project_BestOnClick\best-on-click-backend\venv\Lib\site-packages\rest_framework\views.py", line 515, in dispatch
    response = self.handle_exception(exc)
  File "D:\Graduation_Project\Project_BestOnClick\best-on-click-backend\venv\Lib\site-packages\rest_framework\views.py", line 475, in handle_exception
    self.raise_uncaught_exception(exc)
    ~~~~~~~~~~~~~~~~~~~~~~~~~~~~~^^^^^
  File "D:\Graduation_Project\Project_BestOnClick\best-on-click-backend\venv\Lib\site-packages\rest_framework\views.py", line 486, in raise_uncaught_exception
    raise exc
  File "D:\Graduation_Project\Project_BestOnClick\best-on-click-backend\venv\Lib\site-packages\rest_framework\views.py", line 512, in dispatch
    response = handler(request, *args, **kwargs)
  File "D:\Graduation_Project\Project_BestOnClick\best-on-click-backend\venv\Lib\site-packages\rest_framework\generics.py", line 212, in get
    return self.retrieve(request, *args, **kwargs)
           ~~~~~~~~~~~~~^^^^^^^^^^^^^^^^^^^^^^^^^^
  File "D:\Graduation_Project\Project_BestOnClick\best-on-click-backend\venv\Lib\site-packages\rest_framework\mixins.py", line 56, in retrieve
    return Response(serializer.data)
                    ^^^^^^^^^^^^^^^
  File "D:\Graduation_Project\Project_BestOnClick\best-on-click-backend\venv\Lib\site-packages\rest_framework\serializers.py", line 573, in data
    ret = super().data
          ^^^^^^^^^^^^
  File "D:\Graduation_Project\Project_BestOnClick\best-on-click-backend\venv\Lib\site-packages\rest_framework\serializers.py", line 251, in data
    self._data = self.to_representation(self.instance)
                 ~~~~~~~~~~~~~~~~~~~~~~^^^^^^^^^^^^^^^
  File "D:\Graduation_Project\Project_BestOnClick\best-on-click-backend\venv\Lib\site-packages\rest_framework\serializers.py", line 540, in to_representation
    ret[field.field_name] = field.to_representation(attribute)
                            ~~~~~~~~~~~~~~~~~~~~~~~^^^^^^^^^^^
  File "D:\Graduation_Project\Project_BestOnClick\best-on-click-backend\venv\Lib\site-packages\rest_framework\serializers.py", line 713, in to_representation
    iterable = data.all() if isinstance(data, models.manager.BaseManager) else data
               ~~~~~~~~^^
  File "D:\Graduation_Project\Project_BestOnClick\best-on-click-backend\venv\Lib\site-packages\django\db\models\manager.py", line 164, in all
    return self.get_queryset()
           ~~~~~~~~~~~~~~~~~^^
  File "D:\Graduation_Project\Project_BestOnClick\best-on-click-backend\venv\Lib\site-packages\django\db\models\fields\related_descriptors.py", line 760, in get_queryset
    raise ValueError(
    ...<2 lines>...
    )
ValueError: 'Cart' instance needs to have a primary key value before this relationship can be used.
ERROR 2025-07-23 18:37:54,824 log 2768 4272 Internal Server Error: /api/cart/
Traceback (most recent call last):
  File "D:\Graduation_Project\Project_BestOnClick\best-on-click-backend\venv\Lib\site-packages\django\core\handlers\exception.py", line 55, in inner
    response = get_response(request)
  File "D:\Graduation_Project\Project_BestOnClick\best-on-click-backend\venv\Lib\site-packages\django\core\handlers\base.py", line 197, in _get_response
    response = wrapped_callback(request, *callback_args, **callback_kwargs)
  File "D:\Graduation_Project\Project_BestOnClick\best-on-click-backend\venv\Lib\site-packages\django\views\decorators\csrf.py", line 65, in _view_wrapper
    return view_func(request, *args, **kwargs)
  File "D:\Graduation_Project\Project_BestOnClick\best-on-click-backend\venv\Lib\site-packages\django\views\generic\base.py", line 105, in view
    return self.dispatch(request, *args, **kwargs)
           ~~~~~~~~~~~~~^^^^^^^^^^^^^^^^^^^^^^^^^^
  File "D:\Graduation_Project\Project_BestOnClick\best-on-click-backend\venv\Lib\site-packages\rest_framework\views.py", line 515, in dispatch
    response = self.handle_exception(exc)
  File "D:\Graduation_Project\Project_BestOnClick\best-on-click-backend\venv\Lib\site-packages\rest_framework\views.py", line 475, in handle_exception
    self.raise_uncaught_exception(exc)
    ~~~~~~~~~~~~~~~~~~~~~~~~~~~~~^^^^^
  File "D:\Graduation_Project\Project_BestOnClick\best-on-click-backend\venv\Lib\site-packages\rest_framework\views.py", line 486, in raise_uncaught_exception
    raise exc
  File "D:\Graduation_Project\Project_BestOnClick\best-on-click-backend\venv\Lib\site-packages\rest_framework\views.py", line 512, in dispatch
    response = handler(request, *args, **kwargs)
  File "D:\Graduation_Project\Project_BestOnClick\best-on-click-backend\venv\Lib\site-packages\rest_framework\generics.py", line 212, in get
    return self.retrieve(request, *args, **kwargs)
           ~~~~~~~~~~~~~^^^^^^^^^^^^^^^^^^^^^^^^^^
  File "D:\Graduation_Project\Project_BestOnClick\best-on-click-backend\venv\Lib\site-packages\rest_framework\mixins.py", line 56, in retrieve
    return Response(serializer.data)
                    ^^^^^^^^^^^^^^^
  File "D:\Graduation_Project\Project_BestOnClick\best-on-click-backend\venv\Lib\site-packages\rest_framework\serializers.py", line 573, in data
    ret = super().data
          ^^^^^^^^^^^^
  File "D:\Graduation_Project\Project_BestOnClick\best-on-click-backend\venv\Lib\site-packages\rest_framework\serializers.py", line 251, in data
    self._data = self.to_representation(self.instance)
                 ~~~~~~~~~~~~~~~~~~~~~~^^^^^^^^^^^^^^^
  File "D:\Graduation_Project\Project_BestOnClick\best-on-click-backend\venv\Lib\site-packages\rest_framework\serializers.py", line 540, in to_representation
    ret[field.field_name] = field.to_representation(attribute)
                            ~~~~~~~~~~~~~~~~~~~~~~~^^^^^^^^^^^
  File "D:\Graduation_Project\Project_BestOnClick\best-on-click-backend\venv\Lib\site-packages\rest_framework\serializers.py", line 713, in to_representation
    iterable = data.all() if isinstance(data, models.manager.BaseManager) else data
               ~~~~~~~~^^
  File "D:\Graduation_Project\Project_BestOnClick\best-on-click-backend\venv\Lib\site-packages\django\db\models\manager.py", line 164, in all
    return self.get_queryset()
           ~~~~~~~~~~~~~~~~~^^
  File "D:\Graduation_Project\Project_BestOnClick\best-on-click-backend\venv\Lib\site-packages\django\db\models\fields\related_descriptors.py", line 760, in get_queryset
    raise ValueError(
    ...<2 lines>...
    )
ValueError: 'Cart' instance needs to have a primary key value before this relationship can be used.
INFO 2025-07-23 18:38:06,930 views 2768 4272 User logged in: khcustomer
WARNING 2025-07-23 18:38:17,033 log 2768 4272 Bad Request: /api/cart/add/
WARNING 2025-07-23 18:38:19,199 log 2768 4272 Bad Request: /api/cart/add/
WARNING 2025-07-23 18:39:03,133 log 2768 13200 Unauthorized: /api/auth/profile/
INFO 2025-07-23 18:40:46,822 views 2768 7908 User logged in: khcustomer
WARNING 2025-07-23 18:46:09,288 log 2768 18380 Unauthorized: /api/auth/profile/
INFO 2025-07-23 18:46:30,943 views 2768 644 User logged in: khcustomer
WARNING 2025-07-23 18:56:07,010 log 2768 2572 Unauthorized: /api/auth/profile/
INFO 2025-07-23 18:57:54,625 views 2768 2572 User logged in: khcustomer
WARNING 2025-07-23 19:07:07,243 log 2768 1324 Unauthorized: /api/auth/profile/
INFO 2025-07-23 19:07:46,697 views 2768 11064 User logged in: khcustomer
WARNING 2025-07-23 19:09:34,814 log 2768 11064 Unauthorized: /api/auth/profile/
INFO 2025-07-23 19:09:52,621 views 2768 10788 User logged in: khcustomer
WARNING 2025-07-23 19:16:26,883 log 2768 11748 Unauthorized: /api/auth/profile/
INFO 2025-07-23 19:16:39,834 views 2768 5576 User logged in: khcustomer
WARNING 2025-07-23 19:16:47,086 log 2768 5576 Unauthorized: /api/auth/profile/
INFO 2025-07-23 19:23:59,206 views 2768 13324 User logged in: khcustomer
WARNING 2025-07-23 22:26:14,200 log 2768 12920 Unauthorized: /api/auth/profile/
WARNING 2025-07-23 22:26:14,670 log 2768 7240 Unauthorized: /api/cart/
INFO 2025-07-23 22:39:50,706 views 2768 240 User logged in: khcustomer
WARNING 2025-07-23 22:41:20,661 log 2768 240 Unauthorized: /api/auth/profile/
WARNING 2025-07-24 04:54:08,109 log 2768 10048 Not Found: /swagger/
WARNING 2025-07-24 04:54:08,661 log 2768 10048 Not Found: /favicon.ico
INFO 2025-07-24 06:42:51,047 autoreload 15988 8224 Watching for file changes with StatReloader
WARNING 2025-07-24 06:43:05,636 log 15988 14508 Not Found: /favicon.ico
WARNING 2025-07-24 08:14:43,795 log 15988 12908 Not Found: /
WARNING 2025-07-24 08:14:46,343 log 15988 12908 Not Found: /favicon.ico
WARNING 2025-07-24 08:16:18,473 log 15988 12908 Not Found: /
WARNING 2025-07-24 08:18:23,830 log 15988 4372 Bad Request: /api/auth/login/
INFO 2025-07-24 08:21:15,002 views 15988 2640 User logged in: customer
WARNING 2025-07-24 08:25:35,436 log 15988 7336 Bad Request: /api/auth/login/
WARNING 2025-07-24 08:25:48,580 log 15988 7336 Bad Request: /api/auth/login/
INFO 2025-07-24 08:26:15,181 views 15988 7336 User logged in: store_owner
WARNING 2025-07-24 08:26:31,788 log 15988 7336 Unauthorized: /api/auth/profile/
INFO 2025-07-24 08:26:51,789 views 15988 7336 User logged in: store_owner
ERROR 2025-07-24 08:26:56,558 views 15988 4592 Error getting store analytics: No Store matches the given query.
ERROR 2025-07-24 08:26:56,575 views 15988 7336 Error getting store performance: No Store matches the given query.
ERROR 2025-07-24 08:26:56,728 log 15988 4592 Internal Server Error: /api/dashboard/stores/1/analytics/
ERROR 2025-07-24 08:26:56,731 log 15988 7336 Internal Server Error: /api/dashboard/stores/1/performance/
ERROR 2025-07-24 08:26:57,689 views 15988 12372 Error generating AI insights: No Store matches the given query.
WARNING 2025-07-24 08:26:57,061 log 15988 10496 Not Found: /api/dashboard/stores/1/products/
ERROR 2025-07-24 08:26:57,962 log 15988 12372 Internal Server Error: /api/dashboard/stores/1/ai-insights/
ERROR 2025-07-24 08:26:58,072 views 15988 4592 Error getting store analytics: No Store matches the given query.
ERROR 2025-07-24 08:26:58,214 log 15988 4592 Internal Server Error: /api/dashboard/stores/1/analytics/
ERROR 2025-07-24 08:26:59,558 views 15988 7336 Error getting store analytics: No Store matches the given query.
ERROR 2025-07-24 08:26:59,572 views 15988 10496 Error getting store performance: No Store matches the given query.
ERROR 2025-07-24 08:26:59,584 log 15988 7336 Internal Server Error: /api/dashboard/stores/1/analytics/
ERROR 2025-07-24 08:26:59,588 views 15988 16364 Error generating AI insights: No Store matches the given query.
WARNING 2025-07-24 08:26:59,588 log 15988 12372 Not Found: /api/dashboard/stores/1/products/
ERROR 2025-07-24 08:26:59,590 log 15988 10496 Internal Server Error: /api/dashboard/stores/1/performance/
ERROR 2025-07-24 08:26:59,595 log 15988 16364 Internal Server Error: /api/dashboard/stores/1/ai-insights/
ERROR 2025-07-24 08:26:59,712 views 15988 4592 Error getting store analytics: No Store matches the given query.
ERROR 2025-07-24 08:26:59,726 log 15988 4592 Internal Server Error: /api/dashboard/stores/1/analytics/
ERROR 2025-07-24 08:27:15,292 views 15988 10496 Error getting store analytics: No Store matches the given query.
ERROR 2025-07-24 08:27:15,293 views 15988 12372 Error getting store performance: No Store matches the given query.
ERROR 2025-07-24 08:27:15,298 views 15988 4592 Error getting store analytics: No Store matches the given query.
WARNING 2025-07-24 08:27:15,293 log 15988 16364 Not Found: /api/dashboard/stores/1/products/
ERROR 2025-07-24 08:27:15,314 log 15988 10496 Internal Server Error: /api/dashboard/stores/1/analytics/
ERROR 2025-07-24 08:27:15,315 log 15988 12372 Internal Server Error: /api/dashboard/stores/1/performance/
ERROR 2025-07-24 08:27:15,323 log 15988 4592 Internal Server Error: /api/dashboard/stores/1/analytics/
ERROR 2025-07-24 08:27:15,443 views 15988 10628 Error generating AI insights: No Store matches the given query.
ERROR 2025-07-24 08:27:15,445 log 15988 10628 Internal Server Error: /api/dashboard/stores/1/ai-insights/
INFO 2025-07-24 12:39:45,555 autoreload 672 17280 Watching for file changes with StatReloader
INFO 2025-07-24 13:03:53,000 autoreload 5416 8672 Watching for file changes with StatReloader
INFO 2025-07-26 08:11:24,343 autoreload 20936 12000 Watching for file changes with StatReloader
INFO 2025-07-26 08:17:01,213 autoreload 12576 17872 Watching for file changes with StatReloader
WARNING 2025-07-26 08:19:28,358 fields 12576 5888 max_value in DecimalField should be Decimal type.
WARNING 2025-07-26 08:19:28,366 fields 12576 5888 min_value in DecimalField should be Decimal type.
WARNING 2025-07-26 08:19:28,379 fields 12576 14000 max_value in DecimalField should be Decimal type.
WARNING 2025-07-26 08:19:28,383 fields 12576 14000 min_value in DecimalField should be Decimal type.
WARNING 2025-07-26 08:20:22,219 log 12576 14000 Bad Request: /api/auth/register/
WARNING 2025-07-26 08:20:39,413 log 12576 14000 Bad Request: /api/auth/register/
WARNING 2025-07-26 08:20:54,473 log 12576 14000 Bad Request: /api/auth/register/
INFO 2025-07-26 08:21:16,120 views 12576 14000 New user registered: mugahed
WARNING 2025-07-26 08:21:16,347 fields 12576 14000 max_value in DecimalField should be Decimal type.
WARNING 2025-07-26 08:21:16,349 fields 12576 5484 max_value in DecimalField should be Decimal type.
WARNING 2025-07-26 08:21:16,350 fields 12576 14000 min_value in DecimalField should be Decimal type.
WARNING 2025-07-26 08:21:16,351 fields 12576 5484 min_value in DecimalField should be Decimal type.
WARNING 2025-07-26 08:21:39,445 fields 12576 5484 max_value in DecimalField should be Decimal type.
WARNING 2025-07-26 08:21:39,446 fields 12576 5484 min_value in DecimalField should be Decimal type.
WARNING 2025-07-26 08:21:58,456 fields 12576 5484 max_value in DecimalField should be Decimal type.
WARNING 2025-07-26 08:21:58,457 fields 12576 5484 min_value in DecimalField should be Decimal type.
WARNING 2025-07-26 08:21:59,224 fields 12576 5484 max_value in DecimalField should be Decimal type.
WARNING 2025-07-26 08:21:59,224 fields 12576 5484 min_value in DecimalField should be Decimal type.
WARNING 2025-07-26 08:21:59,260 fields 12576 5888 max_value in DecimalField should be Decimal type.
WARNING 2025-07-26 08:21:59,263 fields 12576 5888 min_value in DecimalField should be Decimal type.
WARNING 2025-07-26 08:22:04,026 fields 12576 5888 max_value in DecimalField should be Decimal type.
WARNING 2025-07-26 08:22:04,026 fields 12576 5888 min_value in DecimalField should be Decimal type.
WARNING 2025-07-26 08:22:19,189 fields 12576 5888 max_value in DecimalField should be Decimal type.
WARNING 2025-07-26 08:22:19,192 fields 12576 5484 max_value in DecimalField should be Decimal type.
WARNING 2025-07-26 08:22:19,192 fields 12576 5888 min_value in DecimalField should be Decimal type.
WARNING 2025-07-26 08:22:19,193 fields 12576 5484 min_value in DecimalField should be Decimal type.
WARNING 2025-07-26 08:30:41,120 fields 12576 11096 max_value in DecimalField should be Decimal type.
WARNING 2025-07-26 08:30:41,125 fields 12576 11096 min_value in DecimalField should be Decimal type.
WARNING 2025-07-26 08:30:41,229 fields 12576 11096 max_value in DecimalField should be Decimal type.
WARNING 2025-07-26 08:30:41,254 fields 12576 11096 min_value in DecimalField should be Decimal type.
WARNING 2025-07-26 08:31:07,955 fields 12576 10380 max_value in DecimalField should be Decimal type.
WARNING 2025-07-26 08:31:07,955 fields 12576 10380 min_value in DecimalField should be Decimal type.
WARNING 2025-07-26 08:32:15,861 fields 12576 12892 max_value in DecimalField should be Decimal type.
WARNING 2025-07-26 08:32:15,863 fields 12576 12892 min_value in DecimalField should be Decimal type.
WARNING 2025-07-26 08:32:15,920 fields 12576 10728 max_value in DecimalField should be Decimal type.
WARNING 2025-07-26 08:32:15,922 fields 12576 10728 min_value in DecimalField should be Decimal type.
WARNING 2025-07-26 08:32:21,146 fields 12576 12892 max_value in DecimalField should be Decimal type.
WARNING 2025-07-26 08:32:21,184 fields 12576 12892 min_value in DecimalField should be Decimal type.
WARNING 2025-07-26 08:32:21,096 log 12576 9864 Unauthorized: /api/auth/profile/
WARNING 2025-07-26 08:32:21,165 fields 12576 10728 max_value in DecimalField should be Decimal type.
WARNING 2025-07-26 08:32:21,245 fields 12576 10728 min_value in DecimalField should be Decimal type.
WARNING 2025-07-26 08:32:22,650 fields 12576 21528 max_value in DecimalField should be Decimal type.
WARNING 2025-07-26 08:32:22,665 fields 12576 21528 min_value in DecimalField should be Decimal type.
WARNING 2025-07-26 08:32:22,668 fields 12576 8716 max_value in DecimalField should be Decimal type.
WARNING 2025-07-26 08:32:22,744 fields 12576 8716 min_value in DecimalField should be Decimal type.
INFO 2025-07-26 08:32:32,607 views 12576 8716 User logged in: mugahed
WARNING 2025-07-26 08:32:32,698 fields 12576 8716 max_value in DecimalField should be Decimal type.
WARNING 2025-07-26 08:32:32,816 fields 12576 8716 min_value in DecimalField should be Decimal type.
WARNING 2025-07-26 08:32:33,425 fields 12576 16640 max_value in DecimalField should be Decimal type.
WARNING 2025-07-26 08:32:33,434 fields 12576 16640 min_value in DecimalField should be Decimal type.
WARNING 2025-07-26 08:34:14,851 log 12576 15860 Unauthorized: /api/auth/profile/
WARNING 2025-07-26 08:34:15,120 fields 12576 16956 max_value in DecimalField should be Decimal type.
WARNING 2025-07-26 08:34:15,137 fields 12576 16956 min_value in DecimalField should be Decimal type.
WARNING 2025-07-26 08:34:15,194 fields 12576 13116 max_value in DecimalField should be Decimal type.
WARNING 2025-07-26 08:34:15,233 fields 12576 13116 min_value in DecimalField should be Decimal type.
WARNING 2025-07-26 08:34:15,932 fields 12576 15860 max_value in DecimalField should be Decimal type.
WARNING 2025-07-26 08:34:15,937 fields 12576 16512 max_value in DecimalField should be Decimal type.
WARNING 2025-07-26 08:34:15,977 fields 12576 15860 min_value in DecimalField should be Decimal type.
WARNING 2025-07-26 08:34:16,018 fields 12576 16512 min_value in DecimalField should be Decimal type.
INFO 2025-07-26 08:34:20,876 views 12576 16512 User logged in: mugahed
WARNING 2025-07-26 08:34:21,004 fields 12576 16512 max_value in DecimalField should be Decimal type.
WARNING 2025-07-26 08:34:21,014 fields 12576 15896 max_value in DecimalField should be Decimal type.
WARNING 2025-07-26 08:34:21,015 fields 12576 16512 min_value in DecimalField should be Decimal type.
WARNING 2025-07-26 08:34:21,016 fields 12576 15896 min_value in DecimalField should be Decimal type.
ERROR 2025-07-26 08:34:40,013 views 12576 16632 Error generating personalized recommendations for user 334: No module named 'redis'
ERROR 2025-07-26 08:34:40,014 log 12576 16632 Internal Server Error: /api/recommendations/personalized/
WARNING 2025-07-26 08:34:40,032 fields 12576 8448 max_value in DecimalField should be Decimal type.
WARNING 2025-07-26 08:34:40,033 fields 12576 8448 min_value in DecimalField should be Decimal type.
ERROR 2025-07-26 08:35:02,307 views 12576 11900 Error generating personalized recommendations for user 334: No module named 'redis'
WARNING 2025-07-26 08:35:02,340 fields 12576 13180 max_value in DecimalField should be Decimal type.
ERROR 2025-07-26 08:35:02,327 log 12576 11900 Internal Server Error: /api/recommendations/personalized/
WARNING 2025-07-26 08:35:02,330 log 12576 10300 Unauthorized: /api/auth/profile/
WARNING 2025-07-26 08:35:02,344 fields 12576 13180 min_value in DecimalField should be Decimal type.
ERROR 2025-07-26 08:35:02,483 views 12576 10300 Error generating personalized recommendations for user 334: No module named 'redis'
ERROR 2025-07-26 08:35:02,523 log 12576 10300 Internal Server Error: /api/recommendations/personalized/
WARNING 2025-07-26 08:35:03,331 fields 12576 9596 max_value in DecimalField should be Decimal type.
WARNING 2025-07-26 08:35:03,490 fields 12576 9596 min_value in DecimalField should be Decimal type.
WARNING 2025-07-26 08:35:03,403 fields 12576 10300 max_value in DecimalField should be Decimal type.
WARNING 2025-07-26 08:35:03,839 fields 12576 10300 min_value in DecimalField should be Decimal type.
INFO 2025-07-26 08:35:11,767 views 12576 10300 User logged in: mugahed
WARNING 2025-07-26 08:35:11,889 fields 12576 11900 max_value in DecimalField should be Decimal type.
WARNING 2025-07-26 08:35:11,897 fields 12576 11900 min_value in DecimalField should be Decimal type.
WARNING 2025-07-26 08:35:11,927 fields 12576 9596 max_value in DecimalField should be Decimal type.
WARNING 2025-07-26 08:35:11,944 fields 12576 9596 min_value in DecimalField should be Decimal type.
ERROR 2025-07-26 08:35:15,571 views 12576 9596 Error generating personalized recommendations for user 334: No module named 'redis'
ERROR 2025-07-26 08:35:15,572 log 12576 9596 Internal Server Error: /api/recommendations/personalized/
WARNING 2025-07-26 08:35:15,590 fields 12576 11900 max_value in DecimalField should be Decimal type.
WARNING 2025-07-26 08:35:15,593 fields 12576 11900 min_value in DecimalField should be Decimal type.
WARNING 2025-07-26 08:38:17,968 log 12576 21108 Unauthorized: /api/auth/profile/
ERROR 2025-07-26 08:38:18,017 views 12576 14784 Error generating personalized recommendations for user 334: No module named 'redis'
WARNING 2025-07-26 08:38:18,032 fields 12576 11924 max_value in DecimalField should be Decimal type.
ERROR 2025-07-26 08:38:18,033 log 12576 14784 Internal Server Error: /api/recommendations/personalized/
WARNING 2025-07-26 08:38:18,034 fields 12576 11924 min_value in DecimalField should be Decimal type.
WARNING 2025-07-26 08:38:18,653 fields 12576 21108 max_value in DecimalField should be Decimal type.
WARNING 2025-07-26 08:38:18,666 fields 12576 21108 min_value in DecimalField should be Decimal type.
WARNING 2025-07-26 08:38:18,670 fields 12576 11872 max_value in DecimalField should be Decimal type.
WARNING 2025-07-26 08:38:18,699 fields 12576 11872 min_value in DecimalField should be Decimal type.
WARNING 2025-07-26 08:39:01,494 log 12576 22252 Not Found: /
WARNING 2025-07-26 08:39:01,790 log 12576 22252 Not Found: /favicon.ico
WARNING 2025-07-26 08:41:43,986 log 12576 16332 Bad Request: /api/auth/login/
INFO 2025-07-26 08:41:53,549 views 12576 16332 User logged in: mugahed
WARNING 2025-07-26 08:41:53,690 fields 12576 16332 max_value in DecimalField should be Decimal type.
WARNING 2025-07-26 08:41:53,691 fields 12576 16332 min_value in DecimalField should be Decimal type.
WARNING 2025-07-26 08:41:53,717 fields 12576 14552 max_value in DecimalField should be Decimal type.
WARNING 2025-07-26 08:41:53,727 fields 12576 14552 min_value in DecimalField should be Decimal type.
ERROR 2025-07-26 08:41:58,358 views 12576 14552 Error generating personalized recommendations for user 334: No module named 'redis'
ERROR 2025-07-26 08:41:58,361 log 12576 14552 Internal Server Error: /api/recommendations/personalized/
WARNING 2025-07-26 08:41:58,382 fields 12576 16332 max_value in DecimalField should be Decimal type.
WARNING 2025-07-26 08:41:58,383 fields 12576 16332 min_value in DecimalField should be Decimal type.
WARNING 2025-07-26 08:42:05,972 fields 12576 7356 max_value in DecimalField should be Decimal type.
WARNING 2025-07-26 08:42:05,972 fields 12576 7356 min_value in DecimalField should be Decimal type.
WARNING 2025-07-26 08:42:05,989 fields 12576 16332 max_value in DecimalField should be Decimal type.
WARNING 2025-07-26 08:42:05,990 fields 12576 16332 min_value in DecimalField should be Decimal type.
WARNING 2025-07-26 08:42:14,729 fields 12576 16832 max_value in DecimalField should be Decimal type.
WARNING 2025-07-26 08:42:14,729 fields 12576 16832 min_value in DecimalField should be Decimal type.
WARNING 2025-07-26 08:42:14,788 fields 12576 16832 max_value in DecimalField should be Decimal type.
WARNING 2025-07-26 08:42:14,789 fields 12576 16832 min_value in DecimalField should be Decimal type.
WARNING 2025-07-26 08:42:16,218 fields 12576 16832 max_value in DecimalField should be Decimal type.
WARNING 2025-07-26 08:42:16,219 fields 12576 16832 min_value in DecimalField should be Decimal type.
WARNING 2025-07-26 08:42:16,281 fields 12576 16832 max_value in DecimalField should be Decimal type.
WARNING 2025-07-26 08:42:16,282 fields 12576 16832 min_value in DecimalField should be Decimal type.
WARNING 2025-07-26 08:42:17,364 fields 12576 16832 max_value in DecimalField should be Decimal type.
WARNING 2025-07-26 08:42:17,364 fields 12576 16832 min_value in DecimalField should be Decimal type.
WARNING 2025-07-26 08:42:17,417 fields 12576 16832 max_value in DecimalField should be Decimal type.
WARNING 2025-07-26 08:42:17,418 fields 12576 16832 min_value in DecimalField should be Decimal type.
WARNING 2025-07-26 08:42:18,824 fields 12576 16832 max_value in DecimalField should be Decimal type.
WARNING 2025-07-26 08:42:18,824 fields 12576 16832 min_value in DecimalField should be Decimal type.
WARNING 2025-07-26 08:42:18,872 fields 12576 16832 max_value in DecimalField should be Decimal type.
WARNING 2025-07-26 08:42:18,872 fields 12576 16832 min_value in DecimalField should be Decimal type.
ERROR 2025-07-26 08:42:32,435 views 12576 13508 Error generating personalized recommendations for user 334: No module named 'redis'
ERROR 2025-07-26 08:42:32,436 log 12576 13508 Internal Server Error: /api/recommendations/personalized/
WARNING 2025-07-26 08:42:32,486 fields 12576 21180 max_value in DecimalField should be Decimal type.
WARNING 2025-07-26 08:42:32,490 fields 12576 21180 min_value in DecimalField should be Decimal type.
WARNING 2025-07-26 08:42:36,575 fields 12576 16864 max_value in DecimalField should be Decimal type.
WARNING 2025-07-26 08:42:36,576 fields 12576 16864 min_value in DecimalField should be Decimal type.
WARNING 2025-07-26 08:42:36,628 fields 12576 16864 max_value in DecimalField should be Decimal type.
WARNING 2025-07-26 08:42:36,629 fields 12576 16864 min_value in DecimalField should be Decimal type.
WARNING 2025-07-26 08:42:49,762 fields 12576 5564 max_value in DecimalField should be Decimal type.
WARNING 2025-07-26 08:42:49,767 fields 12576 21552 max_value in DecimalField should be Decimal type.
WARNING 2025-07-26 08:42:49,767 fields 12576 5564 min_value in DecimalField should be Decimal type.
WARNING 2025-07-26 08:42:49,767 fields 12576 21552 min_value in DecimalField should be Decimal type.
WARNING 2025-07-26 08:42:55,566 fields 12576 1560 max_value in DecimalField should be Decimal type.
WARNING 2025-07-26 08:42:55,567 fields 12576 1560 min_value in DecimalField should be Decimal type.
WARNING 2025-07-26 08:42:55,628 fields 12576 1560 max_value in DecimalField should be Decimal type.
WARNING 2025-07-26 08:42:55,629 fields 12576 1560 min_value in DecimalField should be Decimal type.
WARNING 2025-07-26 08:42:58,879 fields 12576 1560 max_value in DecimalField should be Decimal type.
WARNING 2025-07-26 08:42:58,879 fields 12576 1560 min_value in DecimalField should be Decimal type.
WARNING 2025-07-26 08:42:58,929 fields 12576 1560 max_value in DecimalField should be Decimal type.
WARNING 2025-07-26 08:42:58,930 fields 12576 1560 min_value in DecimalField should be Decimal type.
WARNING 2025-07-26 08:44:28,954 fields 12576 14492 max_value in DecimalField should be Decimal type.
WARNING 2025-07-26 08:44:28,954 fields 12576 14492 min_value in DecimalField should be Decimal type.
WARNING 2025-07-26 08:44:28,967 log 12576 20488 Not Found: /api/products/488/
WARNING 2025-07-26 08:44:29,036 fields 12576 20488 max_value in DecimalField should be Decimal type.
WARNING 2025-07-26 08:44:29,036 fields 12576 20488 min_value in DecimalField should be Decimal type.
WARNING 2025-07-26 08:44:29,267 fields 12576 14492 max_value in DecimalField should be Decimal type.
WARNING 2025-07-26 08:44:29,273 fields 12576 14492 min_value in DecimalField should be Decimal type.
WARNING 2025-07-26 08:44:29,325 fields 12576 14492 max_value in DecimalField should be Decimal type.
WARNING 2025-07-26 08:44:29,334 fields 12576 14492 min_value in DecimalField should be Decimal type.
WARNING 2025-07-26 08:45:39,028 fields 12576 8244 max_value in DecimalField should be Decimal type.
WARNING 2025-07-26 08:45:39,033 fields 12576 8244 min_value in DecimalField should be Decimal type.
WARNING 2025-07-26 08:45:39,129 fields 12576 8352 max_value in DecimalField should be Decimal type.
WARNING 2025-07-26 08:45:39,149 fields 12576 8352 min_value in DecimalField should be Decimal type.
WARNING 2025-07-26 08:45:50,279 fields 12576 2916 max_value in DecimalField should be Decimal type.
WARNING 2025-07-26 08:45:50,279 fields 12576 2916 min_value in DecimalField should be Decimal type.
WARNING 2025-07-26 08:45:50,372 fields 12576 520 max_value in DecimalField should be Decimal type.
WARNING 2025-07-26 08:45:50,374 fields 12576 520 min_value in DecimalField should be Decimal type.
ERROR 2025-07-26 08:50:24,537 views 12576 10376 Error generating personalized recommendations for user 334: No module named 'redis'
ERROR 2025-07-26 08:50:24,538 log 12576 10376 Internal Server Error: /api/recommendations/personalized/
WARNING 2025-07-26 08:50:24,720 fields 12576 10480 max_value in DecimalField should be Decimal type.
WARNING 2025-07-26 08:50:24,727 fields 12576 10480 min_value in DecimalField should be Decimal type.
INFO 2025-07-26 08:57:31,840 autoreload 12576 17872 C:\Users\maaab\OneDrive\Documents\GitHub\Complete_GP\bestinclickbackend\products\models.py changed, reloading.
INFO 2025-07-26 08:57:44,564 autoreload 16736 15684 Watching for file changes with StatReloader
INFO 2025-07-26 08:58:10,582 autoreload 16736 15684 C:\Users\maaab\OneDrive\Documents\GitHub\Complete_GP\bestinclickbackend\promotions\models.py changed, reloading.
INFO 2025-07-26 08:58:16,674 autoreload 19844 18524 Watching for file changes with StatReloader
INFO 2025-07-26 08:58:46,228 autoreload 19844 18524 C:\Users\maaab\OneDrive\Documents\GitHub\Complete_GP\bestinclickbackend\promotions\models.py changed, reloading.
INFO 2025-07-26 08:58:49,755 autoreload 18512 6384 Watching for file changes with StatReloader
INFO 2025-07-26 08:58:52,667 autoreload 18512 6384 C:\Users\maaab\OneDrive\Documents\GitHub\Complete_GP\bestinclickbackend\promotions\models.py changed, reloading.
INFO 2025-07-26 08:58:56,077 autoreload 21936 3000 Watching for file changes with StatReloader
INFO 2025-07-26 08:59:14,457 autoreload 21936 3000 C:\Users\maaab\OneDrive\Documents\GitHub\Complete_GP\bestinclickbackend\dashboard\models.py changed, reloading.
INFO 2025-07-26 08:59:18,117 autoreload 10912 13324 Watching for file changes with StatReloader
INFO 2025-07-26 08:59:23,122 autoreload 10912 13324 C:\Users\maaab\OneDrive\Documents\GitHub\Complete_GP\bestinclickbackend\dashboard\models.py changed, reloading.
INFO 2025-07-26 08:59:26,915 autoreload 4016 3224 Watching for file changes with StatReloader
WARNING 2025-07-26 08:59:48,003 log 4016 22320 Unauthorized: /api/auth/profile/
ERROR 2025-07-26 08:59:49,221 views 4016 15216 Error generating personalized recommendations for user 334: No module named 'redis'
ERROR 2025-07-26 08:59:49,222 log 4016 15216 Internal Server Error: /api/recommendations/personalized/
INFO 2025-07-26 08:59:52,533 views 4016 22320 User logged in: mugahed
ERROR 2025-07-26 08:59:57,995 views 4016 22320 Error generating personalized recommendations for user 334: No module named 'redis'
ERROR 2025-07-26 08:59:57,997 log 4016 22320 Internal Server Error: /api/recommendations/personalized/
INFO 2025-07-26 09:06:44,584 autoreload 9372 13904 Watching for file changes with StatReloader
WARNING 2025-07-26 09:06:53,429 log 9372 15256 Unauthorized: /api/auth/profile/
ERROR 2025-07-26 09:06:54,134 views 9372 17640 Error generating personalized recommendations for user 334: No module named 'redis'
ERROR 2025-07-26 09:06:54,157 log 9372 17640 Internal Server Error: /api/recommendations/personalized/
INFO 2025-07-26 09:06:59,098 views 9372 15256 User logged in: mugahed
ERROR 2025-07-26 09:07:04,128 views 9372 12300 Error generating personalized recommendations for user 334: No module named 'redis'
ERROR 2025-07-26 09:07:04,129 log 9372 12300 Internal Server Error: /api/recommendations/personalized/
INFO 2025-07-26 09:12:21,805 autoreload 9372 13904 C:\Users\maaab\OneDrive\Documents\GitHub\Complete_GP\bestinclickbackend\recommendations\views.py changed, reloading.
INFO 2025-07-26 09:12:28,768 autoreload 7368 22148 Watching for file changes with StatReloader
INFO 2025-07-26 09:13:30,856 autoreload 7368 22148 C:\Users\maaab\OneDrive\Documents\GitHub\Complete_GP\bestinclickbackend\recommendations\views.py changed, reloading.
INFO 2025-07-26 09:13:40,132 autoreload 3468 20164 Watching for file changes with StatReloader
ERROR 2025-07-26 09:13:42,355 views 3468 15516 Error generating personalized recommendations for user 334: No module named 'redis'
WARNING 2025-07-26 09:15:35,692 log 3468 19700 Unauthorized: /api/auth/profile/
ERROR 2025-07-26 09:15:35,779 views 3468 20956 Error generating personalized recommendations for user 334: No module named 'redis'
INFO 2025-07-26 09:15:44,076 views 3468 18088 User logged in: mugahed
ERROR 2025-07-26 09:15:46,674 views 3468 1656 Error generating personalized recommendations for user 334: No module named 'redis'
WARNING 2025-07-26 09:16:08,629 log 3468 5504 Unauthorized: /api/auth/profile/
INFO 2025-07-26 09:16:14,800 views 3468 16488 User logged in: mugahed
WARNING 2025-07-26 09:20:34,973 log 3468 17772 Unauthorized: /api/auth/profile/
INFO 2025-07-26 09:20:40,998 views 3468 17772 User logged in: mugahed
WARNING 2025-07-26 09:21:49,814 log 3468 21260 Unauthorized: /api/auth/profile/
INFO 2025-07-26 09:21:57,259 views 3468 17772 User logged in: mugahed
WARNING 2025-07-26 09:22:19,762 log 3468 17772 Unauthorized: /api/auth/profile/
INFO 2025-07-26 09:24:20,060 views 3468 17772 User logged in: mugahed
INFO 2025-07-26 09:24:56,075 views 3468 1928 User logged in: mugahed
ERROR 2025-07-26 09:24:56,576 views 3468 8652 Error generating personalized recommendations for user 334: No module named 'redis'
